<?xml version="1.0"?>
<Runs Version="1" Minor="0">
	<Run Id="design_2_BinToBcd_0_0_synth_1" LaunchDir="C:/Users/Farhad/OneDrive - Universitatea Politehnica Bucuresti/Desktop/SEMESTRUL 1/CN2/segmente/segmente.runs/design_2_BinToBcd_0_0_synth_1" FlowId="Vivado_Synthesis" FromStepId="vivado" ToStepId="vivado"/>
	<Run Id="design_2_seg_7_driver_0_0_synth_1" LaunchDir="C:/Users/Farhad/OneDrive - Universitatea Politehnica Bucuresti/Desktop/SEMESTRUL 1/CN2/segmente/segmente.runs/design_2_seg_7_driver_0_0_synth_1" FlowId="Vivado_Synthesis" FromStepId="vivado" ToStepId="vivado"/>
	<Run Id="design_2_seg_7_0_0_synth_1" LaunchDir="C:/Users/Farhad/OneDrive - Universitatea Politehnica Bucuresti/Desktop/SEMESTRUL 1/CN2/segmente/segmente.runs/design_2_seg_7_0_0_synth_1" FlowId="Vivado_Synthesis" FromStepId="vivado" ToStepId="vivado"/>
	<Run Id="synth_1" LaunchDir="C:/Users/Farhad/OneDrive - Universitatea Politehnica Bucuresti/Desktop/SEMESTRUL 1/CN2/segmente/segmente.runs/synth_1" FlowId="Vivado_Synthesis" FromStepId="vivado" ToStepId="vivado">
		<Parent Id="design_2_BinToBcd_0_0_synth_1"/>
		<Parent Id="design_2_seg_7_driver_0_0_synth_1"/>
		<Parent Id="design_2_seg_7_0_0_synth_1"/>
	</Run>
	<Parameters>
		<Parameter Name="runs.monitorLSFJobs" Val="true" Type="bool"/>
		<Parameter Name="runs.enableClusterConf" Val="true" Type="bool"/>
	</Parameters>
</Runs>

