<?xml version="1.0" encoding="UTF-8"?>
<vivadoHLSLog:LogRoot xmlns:vivadoHLSLog="www.xilinx.com/vivadoHLSLog">
  <errorLogs>
    <logs>
      <synLog/>
      <simLog/>
      <mgLog/>
      <packageLog/>
      <csimLog/>
    </logs>
  </errorLogs>
  <warningLogs>
    <logs>
      <synLog>
        <logs message="WARNING: [RTGEN 206-101] Register 'state' is power-on initialization." projectName="seg_7_driver" solutionName="solution1" date="2023-01-15T13:36:56.680+0200" type="Warning"/>
        <logs message="WARNING: [RTGEN 206-101] Port 'seg_7_enable' with mode 'ap_none' may require an associated data valid signal to correctly communicate with other blocks or a test bench; automatic C/RTL co-simulation may not be able to verify such a port." projectName="seg_7_driver" solutionName="solution1" date="2023-01-15T13:36:56.670+0200" type="Warning"/>
        <logs message="WARNING: [RTGEN 206-101] Port 'seg_7_data' with mode 'ap_none' may require an associated data valid signal to correctly communicate with other blocks or a test bench; automatic C/RTL co-simulation may not be able to verify such a port." projectName="seg_7_driver" solutionName="solution1" date="2023-01-15T13:36:56.662+0200" type="Warning"/>
      </synLog>
      <simLog/>
      <mgLog/>
      <packageLog/>
      <csimLog/>
    </logs>
  </warningLogs>
</vivadoHLSLog:LogRoot>
