{
  "Top": "seg_7",
  "RtlTop": "seg_7",
  "RtlPrefix": "",
  "RtlSubPrefix": "seg_7_",
  "SourceLanguage": "cpp",
  "HostMachineBits": "64",
  "FunctionProtocol": "ap_ctrl_none",
  "ResetStyle": "control",
  "Target": {
    "Family": "artix7",
    "Device": "xc7a100t",
    "Package": "-csg324",
    "Speed": "-1",
    "Triple": "fpga64-xilinx-none"
  },
  "Args": {"out_signal": {
      "index": "0",
      "direction": "out",
      "srcType": "bool&",
      "srcSize": "1",
      "hwRefs": [{
          "type": "port",
          "interface": "out_signal",
          "name": "out_signal",
          "usage": "data",
          "direction": "out"
        }]
    }},
  "HlsSolution": {
    "FlowTarget": "vivado",
    "ConfigTcl": [
      "config_export -format=ip_catalog",
      "config_export -rtl=verilog"
    ],
    "ProfileOption": "0",
    "ProfileType": "none",
    "KernelName": "seg_7"
  },
  "ClockInfo": {
    "ClockName": "ap_clk",
    "ClockPeriod": "10",
    "Uncertainty": "2.7",
    "IsCombinational": "0",
    "II": "1",
    "Latency": "0"
  },
  "Xdc": {"OocClocks": ["create_clock -name ap_clk -period 10.000 [get_ports ap_clk]"]},
  "Ipx": {
    "Vendor": "xilinx.com",
    "Library": "hls",
    "Name": "seg_7",
    "Version": "1.0",
    "DisplayName": "Seg_7",
    "Revision": "2112819704",
    "Description": "An IP generated by Vitis HLS",
    "Taxonomy": "\/VITIS_HLS_IP",
    "AutoFamilySupport": "",
    "ZipFile": "xilinx_com_hls_seg_7_1_0.zip"
  },
  "Files": {
    "CSource": ["..\/seg_7.cpp"],
    "Vhdl": ["impl\/vhdl\/seg_7.vhd"],
    "Verilog": ["impl\/verilog\/seg_7.v"],
    "IpMisc": ["impl\/misc\/logo.png"],
    "CsynthXml": "syn\/report\/csynth.xml",
    "DebugDir": ".debug",
    "KernelXml": ".autopilot\/db\/kernel.internal.xml",
    "Xo": "",
    "XoHlsDir": "",
    "ProtoInst": [".debug\/seg_7.protoinst"]
  },
  "SubcoreInfo": {
    "HasXpmMemory": false,
    "HasClockedDsp": false,
    "Ip": []
  },
  "Interfaces": {
    "ap_clk": {
      "type": "clock",
      "busTypeName": "clock",
      "mode": "slave",
      "busParams": {"ASSOCIATED_RESET": "ap_rst"},
      "portMap": {"ap_clk": "CLK"},
      "ports": ["ap_clk"]
    },
    "ap_rst": {
      "type": "reset",
      "busTypeName": "reset",
      "mode": "slave",
      "busParams": {"POLARITY": "ACTIVE_HIGH"},
      "portMap": {"ap_rst": "RST"},
      "ports": ["ap_rst"]
    },
    "out_signal": {
      "type": "data",
      "busTypeName": "data",
      "protocol": "ap_none",
      "mode": "master",
      "dataWidth": "1",
      "portMap": {"out_signal": "DATA"},
      "ports": ["out_signal"],
      "constraints": [{
          "constraint_type": "pragma interface",
          "mode": "ap_none",
          "register_option": "0",
          "argName": "out_signal"
        }]
    }
  },
  "RtlPorts": {
    "ap_clk": {
      "dir": "in",
      "width": "1"
    },
    "ap_rst": {
      "dir": "in",
      "width": "1"
    },
    "out_signal": {
      "dir": "out",
      "width": "1"
    }
  },
  "ModuleInfo": {
    "Hierarchy": {"ModuleName": "seg_7"},
    "Info": {"seg_7": {
        "FunctionProtocol": "ap_ctrl_none",
        "isTaskLevelControl": "0",
        "isPipelined": "0",
        "isCombinational": "0",
        "isOneStateSeq": "1"
      }},
    "Metrics": {"seg_7": {
        "Latency": {
          "LatencyBest": "0",
          "LatencyAvg": "0",
          "LatencyWorst": "0",
          "PipelineII": "1",
          "PipelineDepth": "",
          "PipelineType": "no"
        },
        "Timing": {
          "Target": "10.00",
          "Uncertainty": "2.70",
          "Estimate": "3.498"
        },
        "Area": {
          "FF": "33",
          "AVAIL_FF": "126800",
          "UTIL_FF": "~0",
          "LUT": "89",
          "AVAIL_LUT": "63400",
          "UTIL_LUT": "~0",
          "BRAM_18K": "0",
          "AVAIL_BRAM": "270",
          "UTIL_BRAM": "0",
          "DSP": "0",
          "AVAIL_DSP": "240",
          "UTIL_DSP": "0",
          "URAM": "0",
          "AVAIL_URAM": "0",
          "UTIL_URAM": "0"
        }
      }}
  },
  "GenerateBdFiles": "0",
  "GenData": {
    "DataVersion": "0.2",
    "Time": "2022-12-19 07:44:00 +0200",
    "ToolName": "vitis_hls",
    "ToolVersion": "2022.1"
  }
}
