{
  "Top": "seg_7_driver",
  "RtlTop": "seg_7_driver",
  "RtlPrefix": "",
  "RtlSubPrefix": "seg_7_driver_",
  "SourceLanguage": "cpp",
  "HostMachineBits": "64",
  "FunctionProtocol": "ap_ctrl_none",
  "ResetStyle": "control",
  "Target": {
    "Family": "artix7",
    "Device": "xc7a100t",
    "Package": "-csg324",
    "Speed": "-1",
    "Triple": "fpga64-xilinx-none"
  },
  "Args": {
    "refresh_signal": {
      "index": "0",
      "direction": "in",
      "srcType": "bool",
      "srcSize": "1",
      "hwRefs": [{
          "type": "port",
          "interface": "refresh_signal",
          "name": "refresh_signal",
          "usage": "data",
          "direction": "in"
        }]
    },
    "digit1": {
      "index": "1",
      "direction": "in",
      "srcType": "ap_uint<4>",
      "srcSize": "8",
      "hwRefs": [{
          "type": "port",
          "interface": "digit1",
          "name": "digit1",
          "usage": "data",
          "direction": "in"
        }]
    },
    "digit2": {
      "index": "2",
      "direction": "in",
      "srcType": "ap_uint<4>",
      "srcSize": "8",
      "hwRefs": [{
          "type": "port",
          "interface": "digit2",
          "name": "digit2",
          "usage": "data",
          "direction": "in"
        }]
    },
    "seg_7_data": {
      "index": "3",
      "direction": "out",
      "srcType": "ap_uint<8>&",
      "srcSize": "8",
      "hwRefs": [{
          "type": "port",
          "interface": "seg_7_data",
          "name": "seg_7_data",
          "usage": "data",
          "direction": "out"
        }]
    },
    "seg_7_enable": {
      "index": "4",
      "direction": "out",
      "srcType": "ap_uint<4>&",
      "srcSize": "8",
      "hwRefs": [{
          "type": "port",
          "interface": "seg_7_enable",
          "name": "seg_7_enable",
          "usage": "data",
          "direction": "out"
        }]
    }
  },
  "HlsSolution": {
    "FlowTarget": "vivado",
    "ConfigTcl": [
      "config_export -format=ip_catalog",
      "config_export -rtl=verilog"
    ],
    "DirectiveTcl": [
      "set_directive_top seg_7_driver -name seg_7_driver",
      "set_directive_top seg_7_driver -name seg_7_driver"
    ],
    "ProfileOption": "0",
    "ProfileType": "none",
    "KernelName": "seg_7_driver"
  },
  "ClockInfo": {
    "ClockName": "ap_clk",
    "ClockPeriod": "40",
    "Uncertainty": "10.8",
    "IsCombinational": "0",
    "II": "1",
    "Latency": "1"
  },
  "Xdc": {"OocClocks": ["create_clock -name ap_clk -period 40.000 [get_ports ap_clk]"]},
  "Ipx": {
    "Vendor": "xilinx.com",
    "Library": "hls",
    "Name": "seg_7_driver",
    "Version": "1.0",
    "DisplayName": "Seg_7_driver",
    "Revision": "2112858936",
    "Description": "An IP generated by Vitis HLS",
    "Taxonomy": "\/VITIS_HLS_IP",
    "AutoFamilySupport": "",
    "ZipFile": "xilinx_com_hls_seg_7_driver_1_0.zip"
  },
  "Files": {
    "CSource": ["..\/seg_7_driver.cpp"],
    "Vhdl": [
      "impl\/vhdl\/seg_7_driver_seg_7_code_V_ROM_AUTO_1R.vhd",
      "impl\/vhdl\/seg_7_driver.vhd"
    ],
    "Verilog": [
      "impl\/verilog\/seg_7_driver_seg_7_code_V_ROM_AUTO_1R.dat",
      "impl\/verilog\/seg_7_driver_seg_7_code_V_ROM_AUTO_1R.v",
      "impl\/verilog\/seg_7_driver.v"
    ],
    "IpMisc": ["impl\/misc\/logo.png"],
    "CsynthXml": "syn\/report\/csynth.xml",
    "DebugDir": ".debug",
    "KernelXml": ".autopilot\/db\/kernel.internal.xml",
    "Xo": "",
    "XoHlsDir": "",
    "ProtoInst": [".debug\/seg_7_driver.protoinst"]
  },
  "SubcoreInfo": {
    "HasXpmMemory": false,
    "HasClockedDsp": false,
    "Ip": []
  },
  "Interfaces": {
    "ap_clk": {
      "type": "clock",
      "busTypeName": "clock",
      "mode": "slave",
      "busParams": {"ASSOCIATED_RESET": "ap_rst"},
      "portMap": {"ap_clk": "CLK"},
      "ports": ["ap_clk"]
    },
    "ap_rst": {
      "type": "reset",
      "busTypeName": "reset",
      "mode": "slave",
      "busParams": {"POLARITY": "ACTIVE_HIGH"},
      "portMap": {"ap_rst": "RST"},
      "ports": ["ap_rst"]
    },
    "refresh_signal": {
      "type": "data",
      "busTypeName": "data",
      "protocol": "ap_none",
      "mode": "slave",
      "dataWidth": "1",
      "portMap": {"refresh_signal": "DATA"},
      "ports": ["refresh_signal"],
      "constraints": [{
          "constraint_type": "pragma interface",
          "mode": "ap_none",
          "register_option": "0",
          "argName": "refresh_signal"
        }]
    },
    "digit1": {
      "type": "data",
      "busTypeName": "data",
      "protocol": "ap_none",
      "mode": "slave",
      "dataWidth": "4",
      "portMap": {"digit1": "DATA"},
      "ports": ["digit1"],
      "constraints": [{
          "constraint_type": "pragma interface",
          "mode": "ap_none",
          "register_option": "0",
          "argName": "digit1"
        }]
    },
    "digit2": {
      "type": "data",
      "busTypeName": "data",
      "protocol": "ap_none",
      "mode": "slave",
      "dataWidth": "4",
      "portMap": {"digit2": "DATA"},
      "ports": ["digit2"],
      "constraints": [{
          "constraint_type": "pragma interface",
          "mode": "ap_none",
          "register_option": "0",
          "argName": "digit2"
        }]
    },
    "seg_7_data": {
      "type": "data",
      "busTypeName": "data",
      "protocol": "ap_none",
      "mode": "master",
      "dataWidth": "8",
      "portMap": {"seg_7_data": "DATA"},
      "ports": ["seg_7_data"],
      "constraints": [{
          "constraint_type": "pragma interface",
          "mode": "ap_none",
          "register_option": "0",
          "argName": "seg_7_data"
        }]
    },
    "seg_7_enable": {
      "type": "data",
      "busTypeName": "data",
      "protocol": "ap_none",
      "mode": "master",
      "dataWidth": "4",
      "portMap": {"seg_7_enable": "DATA"},
      "ports": ["seg_7_enable"],
      "constraints": [{
          "constraint_type": "pragma interface",
          "mode": "ap_none",
          "register_option": "0",
          "argName": "seg_7_enable"
        }]
    }
  },
  "RtlPorts": {
    "ap_clk": {
      "dir": "in",
      "width": "1"
    },
    "ap_rst": {
      "dir": "in",
      "width": "1"
    },
    "refresh_signal": {
      "dir": "in",
      "width": "1"
    },
    "digit1": {
      "dir": "in",
      "width": "4"
    },
    "digit2": {
      "dir": "in",
      "width": "4"
    },
    "seg_7_data": {
      "dir": "out",
      "width": "8"
    },
    "seg_7_enable": {
      "dir": "out",
      "width": "4"
    }
  },
  "ModuleInfo": {
    "Hierarchy": {"ModuleName": "seg_7_driver"},
    "Info": {"seg_7_driver": {
        "FunctionProtocol": "ap_ctrl_none",
        "isTaskLevelControl": "0",
        "isPipelined": "1",
        "isCombinational": "0",
        "isOneStateSeq": "0"
      }},
    "Metrics": {"seg_7_driver": {
        "Latency": {
          "LatencyBest": "1",
          "LatencyAvg": "1",
          "LatencyWorst": "1",
          "PipelineII": "1",
          "PipelineDepth": "2",
          "PipelineType": "yes"
        },
        "Timing": {
          "Target": "40.00",
          "Uncertainty": "10.80",
          "Estimate": "6.088"
        },
        "Area": {
          "BRAM_18K": "0",
          "AVAIL_BRAM": "270",
          "UTIL_BRAM": "0",
          "FF": "17",
          "AVAIL_FF": "126800",
          "UTIL_FF": "~0",
          "LUT": "99",
          "AVAIL_LUT": "63400",
          "UTIL_LUT": "~0",
          "DSP": "0",
          "AVAIL_DSP": "240",
          "UTIL_DSP": "0",
          "URAM": "0",
          "AVAIL_URAM": "0",
          "UTIL_URAM": "0"
        }
      }}
  },
  "GenerateBdFiles": "0",
  "GenData": {
    "DataVersion": "0.2",
    "Time": "2023-01-15 13:36:57 +0200",
    "ToolName": "vitis_hls",
    "ToolVersion": "2022.2"
  }
}
