<?xml version="1.0" encoding="utf-8"?>
<Messages>
	<Message severity="INFO" prefix="[HLS 200-111]" key="HLS_111_966" tag="RUNTIME" content="Finished File checks and directory preparation: CPU user time: 0 seconds. CPU system time: 0 seconds. Elapsed time: 10.043 seconds; current allocated memory: 676.953 MB." resolution=""/>
	<Message severity="INFO" prefix="[HLS 200-10]" key="HLS_10_1312" tag="" content="Analyzing design file &apos;seg_7_driver/seg_7_driver.cpp&apos; ..." resolution=""/>
	<Message severity="INFO" prefix="[HLS 200-111]" key="HLS_111_966" tag="RUNTIME" content="Finished Source Code Analysis and Preprocessing: CPU user time: 0 seconds. CPU system time: 0 seconds. Elapsed time: 4.093 seconds; current allocated memory: 677.855 MB." resolution=""/>
	<Message severity="INFO" prefix="[HLS 200-777]" key="HLS 200-777" tag="" content="Using interface defaults for &apos;Vivado&apos; flow target." resolution=""/>
	<Message severity="INFO" prefix="[HLS 214-131]" key="HLS 214-131" tag="" content="Inlining function &apos;ssdm_int&lt;8, false&gt;::ssdm_int(unsigned char)&apos; into &apos;ap_int_base&lt;8, false&gt;::ap_int_base(int)&apos; (D:/Aplicatii/Vitis/Vitis_HLS/2022.2/common/technology/autopilot\ap_int_base.h:214:67)" resolution=""/>
	<Message severity="INFO" prefix="[HLS 214-131]" key="HLS 214-131" tag="" content="Inlining function &apos;ap_int_base&lt;8, false&gt;::ap_int_base(int)&apos; into &apos;ap_uint&lt;8&gt;::ap_uint(int)&apos;" resolution=""/>
	<Message severity="INFO" prefix="[HLS 214-131]" key="HLS 214-131" tag="" content="Inlining function &apos;_ZN8ssdm_intILi4ELb0EEC2EDq4_j&apos; into &apos;ap_int_base&lt;4, false&gt;::ap_int_base(int)&apos; (D:/Aplicatii/Vitis/Vitis_HLS/2022.2/common/technology/autopilot\ap_int_base.h:214:67)" resolution=""/>
	<Message severity="INFO" prefix="[HLS 214-131]" key="HLS 214-131" tag="" content="Inlining function &apos;ap_int_base&lt;4, false&gt;::ap_int_base(int)&apos; into &apos;ap_uint&lt;4&gt;::ap_uint(int)&apos;" resolution=""/>
	<Message severity="INFO" prefix="[HLS 214-131]" key="HLS 214-131" tag="" content="Inlining function &apos;ap_int_base&lt;4, false&gt;::operator unsigned long long() const&apos; into &apos;seg_7_driver(bool, ap_uint&lt;4&gt;, ap_uint&lt;4&gt;, ap_uint&lt;8&gt;&amp;, ap_uint&lt;4&gt;&amp;)&apos; (seg_7_driver/seg_7_driver.cpp:83:34)" resolution=""/>
	<Message severity="INFO" prefix="[HLS 214-131]" key="HLS 214-131" tag="" content="Inlining function &apos;ap_int_base&lt;4, false&gt;::operator unsigned long long() const&apos; into &apos;seg_7_driver(bool, ap_uint&lt;4&gt;, ap_uint&lt;4&gt;, ap_uint&lt;8&gt;&amp;, ap_uint&lt;4&gt;&amp;)&apos; (seg_7_driver/seg_7_driver.cpp:78:34)" resolution=""/>
	<Message severity="INFO" prefix="[HLS 214-131]" key="HLS 214-131" tag="" content="Inlining function &apos;ap_int_base&lt;4, false&gt;::operator unsigned long long() const&apos; into &apos;seg_7_driver(bool, ap_uint&lt;4&gt;, ap_uint&lt;4&gt;, ap_uint&lt;8&gt;&amp;, ap_uint&lt;4&gt;&amp;)&apos; (seg_7_driver/seg_7_driver.cpp:69:34)" resolution=""/>
	<Message severity="INFO" prefix="[HLS 214-131]" key="HLS 214-131" tag="" content="Inlining function &apos;ap_int_base&lt;4, false&gt;::operator unsigned long long() const&apos; into &apos;seg_7_driver(bool, ap_uint&lt;4&gt;, ap_uint&lt;4&gt;, ap_uint&lt;8&gt;&amp;, ap_uint&lt;4&gt;&amp;)&apos; (seg_7_driver/seg_7_driver.cpp:64:34)" resolution=""/>
	<Message severity="INFO" prefix="[HLS 214-131]" key="HLS 214-131" tag="" content="Inlining function &apos;ap_int_base&lt;4, false&gt;::operator unsigned long long() const&apos; into &apos;seg_7_driver(bool, ap_uint&lt;4&gt;, ap_uint&lt;4&gt;, ap_uint&lt;8&gt;&amp;, ap_uint&lt;4&gt;&amp;)&apos; (seg_7_driver/seg_7_driver.cpp:55:34)" resolution=""/>
	<Message severity="INFO" prefix="[HLS 214-131]" key="HLS 214-131" tag="" content="Inlining function &apos;ap_int_base&lt;4, false&gt;::operator unsigned long long() const&apos; into &apos;seg_7_driver(bool, ap_uint&lt;4&gt;, ap_uint&lt;4&gt;, ap_uint&lt;8&gt;&amp;, ap_uint&lt;4&gt;&amp;)&apos; (seg_7_driver/seg_7_driver.cpp:50:34)" resolution=""/>
	<Message severity="INFO" prefix="[HLS 214-131]" key="HLS 214-131" tag="" content="Inlining function &apos;ap_int_base&lt;4, false&gt;::operator unsigned long long() const&apos; into &apos;seg_7_driver(bool, ap_uint&lt;4&gt;, ap_uint&lt;4&gt;, ap_uint&lt;8&gt;&amp;, ap_uint&lt;4&gt;&amp;)&apos; (seg_7_driver/seg_7_driver.cpp:43:34)" resolution=""/>
	<Message severity="INFO" prefix="[HLS 214-131]" key="HLS 214-131" tag="" content="Inlining function &apos;ap_int_base&lt;4, false&gt;::operator unsigned long long() const&apos; into &apos;seg_7_driver(bool, ap_uint&lt;4&gt;, ap_uint&lt;4&gt;, ap_uint&lt;8&gt;&amp;, ap_uint&lt;4&gt;&amp;)&apos; (seg_7_driver/seg_7_driver.cpp:39:34)" resolution=""/>
	<Message severity="INFO" prefix="[HLS 200-111]" key="HLS_111_966" tag="RUNTIME" content="Finished Compiling Optimization and Transform: CPU user time: 0 seconds. CPU system time: 0 seconds. Elapsed time: 4.129 seconds; current allocated memory: 678.953 MB." resolution=""/>
	<Message severity="INFO" prefix="[HLS 200-111]" key="HLS_111_966" tag="RUNTIME" content="Finished Checking Pragmas: CPU user time: 0 seconds. CPU system time: 0 seconds. Elapsed time: 0 seconds; current allocated memory: 678.953 MB." resolution=""/>
	<Message severity="INFO" prefix="[HLS 200-10]" key="HLS_10_1467" tag="" content="Starting code transformations ..." resolution=""/>
	<Message severity="INFO" prefix="[HLS 200-111]" key="HLS_111_966" tag="RUNTIME" content="Finished Standard Transforms: CPU user time: 0 seconds. CPU system time: 0 seconds. Elapsed time: 0.045 seconds; current allocated memory: 687.586 MB." resolution=""/>
	<Message severity="INFO" prefix="[HLS 200-10]" key="HLS_10_1472" tag="" content="Checking synthesizability ..." resolution=""/>
	<Message severity="INFO" prefix="[HLS 200-111]" key="HLS_111_966" tag="RUNTIME" content="Finished Checking Synthesizability: CPU user time: 0 seconds. CPU system time: 0 seconds. Elapsed time: 0.054 seconds; current allocated memory: 693.938 MB." resolution=""/>
	<Message severity="INFO" prefix="[XFORM 203-401]" key="XFORM_IFCONV_STATUS_239" tag="" content="Performing if-conversion on hyperblock from (seg_7_driver/seg_7_driver.cpp:14:9) to (seg_7_driver/seg_7_driver.cpp:96:1) in function &apos;seg_7_driver&apos;... converting 10 basic blocks." resolution=""/>
	<Message severity="INFO" prefix="[HLS 200-111]" key="HLS_111_966" tag="RUNTIME" content="Finished Loop, function and other optimizations: CPU user time: 0 seconds. CPU system time: 0 seconds. Elapsed time: 0.136 seconds; current allocated memory: 720.984 MB." resolution=""/>
	<Message severity="INFO" prefix="[HLS 200-111]" key="HLS_111_966" tag="RUNTIME" content="Finished Architecture Synthesis: CPU user time: 0 seconds. CPU system time: 0 seconds. Elapsed time: 0.042 seconds; current allocated memory: 721.723 MB." resolution=""/>
	<Message severity="INFO" prefix="[HLS 200-10]" key="HLS_10_1317" tag="" content="Starting hardware synthesis ..." resolution=""/>
	<Message severity="INFO" prefix="[HLS 200-10]" key="HLS_10_1385" tag="" content="Synthesizing &apos;seg_7_driver&apos; ..." resolution=""/>
	<Message severity="INFO" prefix="[HLS 200-10]" key="HLS_10_1477" tag="" content="----------------------------------------------------------------" resolution=""/>
	<Message severity="INFO" prefix="[HLS 200-42]" key="HLS_42_1438" tag="" content="-- Implementing module &apos;seg_7_driver&apos;" resolution=""/>
	<Message severity="INFO" prefix="[HLS 200-10]" key="HLS_10_1478" tag="" content="----------------------------------------------------------------" resolution=""/>
	<Message severity="INFO" prefix="[SCHED 204-11]" key="SCHED_SCHED_STATUS_597" tag="" content="Starting scheduling ..." resolution=""/>
	<Message severity="INFO" prefix="[SCHED 204-61]" key="SCHED_PIPELINING_STATUS_46" tag="" content="Pipelining function &apos;seg_7_driver&apos;." resolution=""/>
	<Message severity="INFO" prefix="[HLS 200-1470]" key="HLS 200-1470" tag="SCHEDULE,VITIS_THROUGHPUT" content="Pipelining result : Target II = NA, Final II = 1, Depth = 2, function &apos;seg_7_driver&apos;" resolution=""/>
	<Message severity="INFO" prefix="[SCHED 204-11]" key="SCHED_SCHED_STATUS_596" tag="" content="Finished scheduling." resolution=""/>
	<Message severity="INFO" prefix="[HLS 200-111]" key="HLS_111_966" tag="RUNTIME" content="Finished Scheduling: CPU user time: 0 seconds. CPU system time: 0 seconds. Elapsed time: 0.14 seconds; current allocated memory: 721.723 MB." resolution=""/>
	<Message severity="INFO" prefix="[BIND 205-100]" key="BIND_100_926" tag="" content="Starting micro-architecture generation ..." resolution=""/>
	<Message severity="INFO" prefix="[BIND 205-101]" key="BIND_101_698" tag="" content="Performing variable lifetime analysis." resolution=""/>
	<Message severity="INFO" prefix="[BIND 205-101]" key="BIND_101_697" tag="" content="Exploring resource sharing." resolution=""/>
	<Message severity="INFO" prefix="[BIND 205-101]" key="BIND_101_693" tag="" content="Binding ..." resolution=""/>
	<Message severity="INFO" prefix="[BIND 205-100]" key="BIND_100_925" tag="" content="Finished micro-architecture generation." resolution=""/>
	<Message severity="INFO" prefix="[HLS 200-111]" key="HLS_111_966" tag="RUNTIME" content="Finished Binding: CPU user time: 0 seconds. CPU system time: 0 seconds. Elapsed time: 0.07 seconds; current allocated memory: 721.723 MB." resolution=""/>
	<Message severity="INFO" prefix="[HLS 200-10]" key="HLS_10_1483" tag="" content="----------------------------------------------------------------" resolution=""/>
	<Message severity="INFO" prefix="[HLS 200-10]" key="HLS_10_1484" tag="" content="-- Generating RTL for module &apos;seg_7_driver&apos;" resolution=""/>
	<Message severity="INFO" prefix="[HLS 200-10]" key="HLS_10_1485" tag="" content="----------------------------------------------------------------" resolution=""/>
	<Message severity="INFO" prefix="[RTGEN 206-500]" key="PREPROC_IO_COMP_CONFLICT_1950" tag="" content="Setting interface mode on port &apos;seg_7_driver/refresh_signal&apos; to &apos;ap_none&apos;." resolution=""/>
	<Message severity="INFO" prefix="[RTGEN 206-500]" key="PREPROC_IO_COMP_CONFLICT_1950" tag="" content="Setting interface mode on port &apos;seg_7_driver/digit1&apos; to &apos;ap_none&apos;." resolution=""/>
	<Message severity="INFO" prefix="[RTGEN 206-500]" key="PREPROC_IO_COMP_CONFLICT_1950" tag="" content="Setting interface mode on port &apos;seg_7_driver/digit2&apos; to &apos;ap_none&apos;." resolution=""/>
	<Message severity="INFO" prefix="[RTGEN 206-500]" key="PREPROC_IO_COMP_CONFLICT_1950" tag="" content="Setting interface mode on port &apos;seg_7_driver/seg_7_data&apos; to &apos;ap_none&apos;." resolution=""/>
	<Message severity="WARNING" prefix="[RTGEN 206-101]" key="RTGEN_101_871" tag="" content="Port &apos;seg_7_data&apos; with mode &apos;ap_none&apos; may require an associated data valid signal to correctly communicate with other blocks or a test bench; automatic C/RTL co-simulation may not be able to verify such a port." resolution=""/>
	<Message severity="INFO" prefix="[RTGEN 206-500]" key="PREPROC_IO_COMP_CONFLICT_1950" tag="" content="Setting interface mode on port &apos;seg_7_driver/seg_7_enable&apos; to &apos;ap_none&apos;." resolution=""/>
	<Message severity="WARNING" prefix="[RTGEN 206-101]" key="RTGEN_101_871" tag="" content="Port &apos;seg_7_enable&apos; with mode &apos;ap_none&apos; may require an associated data valid signal to correctly communicate with other blocks or a test bench; automatic C/RTL co-simulation may not be able to verify such a port." resolution=""/>
	<Message severity="INFO" prefix="[RTGEN 206-500]" key="PREPROC_IO_COMP_CONFLICT_1950" tag="" content="Setting interface mode on function &apos;seg_7_driver&apos; to &apos;ap_ctrl_none&apos;." resolution=""/>
	<Message severity="WARNING" prefix="[RTGEN 206-101]" key="RTGEN_101_861" tag="" content="Register &apos;state&apos; is power-on initialization." resolution=""/>
	<Message severity="INFO" prefix="[HLS 200-1030]" key="HLS 200-1030" tag="" content="Apply Unified Pipeline Control on module &apos;seg_7_driver&apos; pipeline &apos;seg_7_driver&apos; pipeline type &apos;function pipeline&apos;" resolution=""/>
	<Message severity="INFO" prefix="[RTGEN 206-100]" key="RTGEN_100_856" tag="" content="Finished creating RTL model for &apos;seg_7_driver&apos;." resolution=""/>
	<Message severity="INFO" prefix="[RTMG 210-279]" key="RTMG_279_1793" tag="" content="Implementing memory &apos;seg_7_driver_seg_7_code_V_ROM_AUTO_1R&apos; using auto ROMs." resolution=""/>
	<Message severity="INFO" prefix="[HLS 200-111]" key="HLS_111_966" tag="RUNTIME" content="Finished Creating RTL model: CPU user time: 1 seconds. CPU system time: 0 seconds. Elapsed time: 0.18 seconds; current allocated memory: 723.211 MB." resolution=""/>
	<Message severity="INFO" prefix="[HLS 200-111]" key="HLS_111_966" tag="RUNTIME" content="Finished Generating all RTL models: CPU user time: 0 seconds. CPU system time: 0 seconds. Elapsed time: 0.557 seconds; current allocated memory: 729.477 MB." resolution=""/>
	<Message severity="INFO" prefix="[HLS 200-111]" key="HLS_111_966" tag="RUNTIME" content="Finished Updating report files: CPU user time: 0 seconds. CPU system time: 0 seconds. Elapsed time: 0.294 seconds; current allocated memory: 731.855 MB." resolution=""/>
	<Message severity="INFO" prefix="[VHDL 208-304]" key="VHDL_304_1066" tag="" content="Generating VHDL RTL for seg_7_driver." resolution=""/>
	<Message severity="INFO" prefix="[VLOG 209-307]" key="VLOG_307_1067" tag="" content="Generating Verilog RTL for seg_7_driver." resolution=""/>
	<Message severity="INFO" prefix="[HLS 200-789]" key="HLS 200-789" tag="THROUGHPUT,VITIS_KERNEL" content="**** Estimated Fmax: 164.26 MHz" resolution=""/>
	<Message severity="INFO" prefix="[HLS 200-111]" key="HLS_111_966" tag="RUNTIME" content="Finished Command csynth_design CPU user time: 1 seconds. CPU system time: 0 seconds. Elapsed time: 9.8 seconds; current allocated memory: 55.230 MB." resolution=""/>
</Messages>
