{"sourceFile": [{
      "name": "",
      "directive": [
        {
          "functionName": "seg_7_driver",
          "label": "",
          "functionLabel": "",
          "id": "1",
          "sourceFile": "D:\/CN2\/7_segmente\/seg_7_driver\/solution1\/directives.tcl",
          "sourceLine": "6",
          "pragma": {
            "name": "TOP",
            "option": [{
                "name": "name",
                "value": "seg_7_driver"
              }]
          }
        },
        {
          "functionName": "seg_7_driver",
          "label": "",
          "functionLabel": "",
          "id": "2",
          "sourceFile": "D:\/CN2\/7_segmente\/seg_7_driver\/solution1\/csynth.tcl",
          "sourceLine": "17",
          "pragma": {
            "name": "TOP",
            "option": [{
                "name": "name",
                "value": "seg_7_driver"
              }]
          }
        }
      ]
    }]}
