<?xml version="1.0" encoding="utf-8"?>
<BindInfo>
	<BindNode BINDTYPE="op" DISPLAY="bind_op icmp" ID="" IMPL="auto" LATENCY="0" OPTYPE="icmp" PRAGMA="" RTLNAME="icmp_ln34_fu_113_p2" SOURCE="seg_7_driver/seg_7_driver.cpp:34" VARIABLE="icmp_ln34" MODULE="seg_7_driver" LOOP="" BUNDLEDNAME="" DSP="0" BRAM="0" URAM="0"/>
	<BindNode BINDTYPE="op" DISPLAY="bind_op icmp" ID="" IMPL="auto" LATENCY="0" OPTYPE="icmp" PRAGMA="" RTLNAME="icmp_ln34_1_fu_119_p2" SOURCE="seg_7_driver/seg_7_driver.cpp:34" VARIABLE="icmp_ln34_1" MODULE="seg_7_driver" LOOP="" BUNDLEDNAME="" DSP="0" BRAM="0" URAM="0"/>
	<BindNode BINDTYPE="op" DISPLAY="bind_op icmp" ID="" IMPL="auto" LATENCY="0" OPTYPE="icmp" PRAGMA="" RTLNAME="icmp_ln34_2_fu_125_p2" SOURCE="seg_7_driver/seg_7_driver.cpp:34" VARIABLE="icmp_ln34_2" MODULE="seg_7_driver" LOOP="" BUNDLEDNAME="" DSP="0" BRAM="0" URAM="0"/>
	<BindNode BINDTYPE="op" DISPLAY="bind_op select" ID="" IMPL="auto_sel" LATENCY="0" OPTYPE="select" PRAGMA="" RTLNAME="select_ln34_fu_274_p3" SOURCE="seg_7_driver/seg_7_driver.cpp:34" VARIABLE="select_ln34" MODULE="seg_7_driver" LOOP="" BUNDLEDNAME="" DSP="0" BRAM="0" URAM="0"/>
	<BindNode BINDTYPE="op" DISPLAY="bind_op or" ID="" IMPL="auto" LATENCY="0" OPTYPE="or" PRAGMA="" RTLNAME="or_ln34_fu_281_p2" SOURCE="seg_7_driver/seg_7_driver.cpp:34" VARIABLE="or_ln34" MODULE="seg_7_driver" LOOP="" BUNDLEDNAME="" DSP="0" BRAM="0" URAM="0"/>
	<BindNode BINDTYPE="op" DISPLAY="bind_op select" ID="" IMPL="auto_sel" LATENCY="0" OPTYPE="select" PRAGMA="" RTLNAME="select_ln34_1_fu_285_p3" SOURCE="seg_7_driver/seg_7_driver.cpp:34" VARIABLE="select_ln34_1" MODULE="seg_7_driver" LOOP="" BUNDLEDNAME="" DSP="0" BRAM="0" URAM="0"/>
	<BindNode BINDTYPE="op" DISPLAY="bind_op select" ID="" IMPL="auto_sel" LATENCY="0" OPTYPE="select" PRAGMA="" RTLNAME="seg_7_enable" SOURCE="seg_7_driver/seg_7_driver.cpp:34" VARIABLE="seg_7_enable_local" MODULE="seg_7_driver" LOOP="" BUNDLEDNAME="" DSP="0" BRAM="0" URAM="0"/>
	<BindNode BINDTYPE="op" DISPLAY="bind_op and" ID="" IMPL="auto" LATENCY="0" OPTYPE="and" PRAGMA="" RTLNAME="and_ln11_fu_131_p2" SOURCE="seg_7_driver/seg_7_driver.cpp:11" VARIABLE="and_ln11" MODULE="seg_7_driver" LOOP="" BUNDLEDNAME="" DSP="0" BRAM="0" URAM="0"/>
	<BindNode BINDTYPE="op" DISPLAY="bind_op xor" ID="" IMPL="auto" LATENCY="0" OPTYPE="xor" PRAGMA="" RTLNAME="xor_ln11_fu_137_p2" SOURCE="seg_7_driver/seg_7_driver.cpp:11" VARIABLE="xor_ln11" MODULE="seg_7_driver" LOOP="" BUNDLEDNAME="" DSP="0" BRAM="0" URAM="0"/>
	<BindNode BINDTYPE="op" DISPLAY="bind_op and" ID="" IMPL="auto" LATENCY="0" OPTYPE="and" PRAGMA="" RTLNAME="and_ln11_1_fu_143_p2" SOURCE="seg_7_driver/seg_7_driver.cpp:11" VARIABLE="and_ln11_1" MODULE="seg_7_driver" LOOP="" BUNDLEDNAME="" DSP="0" BRAM="0" URAM="0"/>
	<BindNode BINDTYPE="op" DISPLAY="bind_op and" ID="" IMPL="auto" LATENCY="0" OPTYPE="and" PRAGMA="" RTLNAME="and_ln11_2_fu_149_p2" SOURCE="seg_7_driver/seg_7_driver.cpp:11" VARIABLE="and_ln11_2" MODULE="seg_7_driver" LOOP="" BUNDLEDNAME="" DSP="0" BRAM="0" URAM="0"/>
	<BindNode BINDTYPE="op" DISPLAY="bind_op and" ID="" IMPL="auto" LATENCY="0" OPTYPE="and" PRAGMA="" RTLNAME="and_ln11_3_fu_155_p2" SOURCE="seg_7_driver/seg_7_driver.cpp:11" VARIABLE="and_ln11_3" MODULE="seg_7_driver" LOOP="" BUNDLEDNAME="" DSP="0" BRAM="0" URAM="0"/>
	<BindNode BINDTYPE="op" DISPLAY="bind_op select" ID="" IMPL="auto_sel" LATENCY="0" OPTYPE="select" PRAGMA="" RTLNAME="select_ln11_fu_161_p3" SOURCE="seg_7_driver/seg_7_driver.cpp:11" VARIABLE="select_ln11" MODULE="seg_7_driver" LOOP="" BUNDLEDNAME="" DSP="0" BRAM="0" URAM="0"/>
	<BindNode BINDTYPE="op" DISPLAY="bind_op select" ID="" IMPL="auto_sel" LATENCY="0" OPTYPE="select" PRAGMA="" RTLNAME="select_ln11_1_fu_169_p3" SOURCE="seg_7_driver/seg_7_driver.cpp:11" VARIABLE="select_ln11_1" MODULE="seg_7_driver" LOOP="" BUNDLEDNAME="" DSP="0" BRAM="0" URAM="0"/>
	<BindNode BINDTYPE="op" DISPLAY="bind_op or" ID="" IMPL="auto" LATENCY="0" OPTYPE="or" PRAGMA="" RTLNAME="or_ln11_fu_301_p2" SOURCE="seg_7_driver/seg_7_driver.cpp:11" VARIABLE="or_ln11" MODULE="seg_7_driver" LOOP="" BUNDLEDNAME="" DSP="0" BRAM="0" URAM="0"/>
	<BindNode BINDTYPE="op" DISPLAY="bind_op select" ID="" IMPL="auto_sel" LATENCY="0" OPTYPE="select" PRAGMA="" RTLNAME="select_ln11_2_fu_177_p3" SOURCE="seg_7_driver/seg_7_driver.cpp:11" VARIABLE="select_ln11_2" MODULE="seg_7_driver" LOOP="" BUNDLEDNAME="" DSP="0" BRAM="0" URAM="0"/>
	<BindNode BINDTYPE="op" DISPLAY="bind_op or" ID="" IMPL="auto" LATENCY="0" OPTYPE="or" PRAGMA="" RTLNAME="or_ln11_1_fu_305_p2" SOURCE="seg_7_driver/seg_7_driver.cpp:11" VARIABLE="or_ln11_1" MODULE="seg_7_driver" LOOP="" BUNDLEDNAME="" DSP="0" BRAM="0" URAM="0"/>
	<BindNode BINDTYPE="op" DISPLAY="bind_op select" ID="" IMPL="auto_sel" LATENCY="0" OPTYPE="select" PRAGMA="" RTLNAME="seg_7_data" SOURCE="seg_7_driver/seg_7_driver.cpp:11" VARIABLE="seg_7_data_local" MODULE="seg_7_driver" LOOP="" BUNDLEDNAME="" DSP="0" BRAM="0" URAM="0"/>
	<BindNode BINDTYPE="op" DISPLAY="bind_op or" ID="" IMPL="auto" LATENCY="0" OPTYPE="or" PRAGMA="" RTLNAME="or_ln11_2_fu_190_p2" SOURCE="seg_7_driver/seg_7_driver.cpp:11" VARIABLE="or_ln11_2" MODULE="seg_7_driver" LOOP="" BUNDLEDNAME="" DSP="0" BRAM="0" URAM="0"/>
	<BindNode BINDTYPE="op" DISPLAY="bind_op or" ID="" IMPL="auto" LATENCY="0" OPTYPE="or" PRAGMA="" RTLNAME="or_ln11_3_fu_196_p2" SOURCE="seg_7_driver/seg_7_driver.cpp:11" VARIABLE="or_ln11_3" MODULE="seg_7_driver" LOOP="" BUNDLEDNAME="" DSP="0" BRAM="0" URAM="0"/>
	<BindNode BINDTYPE="op" DISPLAY="bind_op and" ID="" IMPL="auto" LATENCY="0" OPTYPE="and" PRAGMA="" RTLNAME="and_ln11_4_fu_202_p2" SOURCE="seg_7_driver/seg_7_driver.cpp:11" VARIABLE="and_ln11_4" MODULE="seg_7_driver" LOOP="" BUNDLEDNAME="" DSP="0" BRAM="0" URAM="0"/>
	<BindNode BINDTYPE="op" DISPLAY="bind_op and" ID="" IMPL="auto" LATENCY="0" OPTYPE="and" PRAGMA="" RTLNAME="and_ln11_5_fu_208_p2" SOURCE="seg_7_driver/seg_7_driver.cpp:11" VARIABLE="and_ln11_5" MODULE="seg_7_driver" LOOP="" BUNDLEDNAME="" DSP="0" BRAM="0" URAM="0"/>
	<BindNode BINDTYPE="op" DISPLAY="bind_op select" ID="" IMPL="auto_sel" LATENCY="0" OPTYPE="select" PRAGMA="" RTLNAME="select_ln11_4_fu_214_p3" SOURCE="seg_7_driver/seg_7_driver.cpp:11" VARIABLE="select_ln11_4" MODULE="seg_7_driver" LOOP="" BUNDLEDNAME="" DSP="0" BRAM="0" URAM="0"/>
	<BindNode BINDTYPE="op" DISPLAY="bind_op or" ID="" IMPL="auto" LATENCY="0" OPTYPE="or" PRAGMA="" RTLNAME="or_ln11_4_fu_222_p2" SOURCE="seg_7_driver/seg_7_driver.cpp:11" VARIABLE="or_ln11_4" MODULE="seg_7_driver" LOOP="" BUNDLEDNAME="" DSP="0" BRAM="0" URAM="0"/>
	<BindNode BINDTYPE="op" DISPLAY="bind_op or" ID="" IMPL="auto" LATENCY="0" OPTYPE="or" PRAGMA="" RTLNAME="or_ln11_5_fu_232_p2" SOURCE="seg_7_driver/seg_7_driver.cpp:11" VARIABLE="or_ln11_5" MODULE="seg_7_driver" LOOP="" BUNDLEDNAME="" DSP="0" BRAM="0" URAM="0"/>
	<BindNode BINDTYPE="op" DISPLAY="bind_op select" ID="" IMPL="auto_sel" LATENCY="0" OPTYPE="select" PRAGMA="" RTLNAME="select_ln11_5_fu_238_p3" SOURCE="seg_7_driver/seg_7_driver.cpp:11" VARIABLE="select_ln11_5" MODULE="seg_7_driver" LOOP="" BUNDLEDNAME="" DSP="0" BRAM="0" URAM="0"/>
	<BindNode BINDTYPE="op" DISPLAY="bind_op select" ID="" IMPL="auto_sel" LATENCY="0" OPTYPE="select" PRAGMA="" RTLNAME="select_ln11_6_fu_246_p3" SOURCE="seg_7_driver/seg_7_driver.cpp:11" VARIABLE="select_ln11_6" MODULE="seg_7_driver" LOOP="" BUNDLEDNAME="" DSP="0" BRAM="0" URAM="0"/>
	<BindNode BINDTYPE="op" DISPLAY="bind_op or" ID="" IMPL="auto" LATENCY="0" OPTYPE="or" PRAGMA="" RTLNAME="or_ln11_6_fu_254_p2" SOURCE="seg_7_driver/seg_7_driver.cpp:11" VARIABLE="or_ln11_6" MODULE="seg_7_driver" LOOP="" BUNDLEDNAME="" DSP="0" BRAM="0" URAM="0"/>
	<BindNode BINDTYPE="op" DISPLAY="bind_op select" ID="" IMPL="auto_sel" LATENCY="0" OPTYPE="select" PRAGMA="" RTLNAME="next_state_fu_260_p3" SOURCE="seg_7_driver/seg_7_driver.cpp:11" VARIABLE="next_state" MODULE="seg_7_driver" LOOP="" BUNDLEDNAME="" DSP="0" BRAM="0" URAM="0"/>
	<BindNode BINDTYPE="storage" DISPLAY="bind_storage rom_1p" ID="" IMPL="auto" LATENCY="1" OPTYPE="rom_1p" PRAGMA="" RTLNAME="seg_7_code_V_U" SOURCE="" VARIABLE="seg_7_code_V" MODULE="seg_7_driver" LOOP="" BUNDLEDNAME="" DSP="0" BRAM="0" URAM="0"/>
</BindInfo>
