<pragmas>
<pragma file="D:/Aplicatii/Vitis/Vitis_HLS/2022.2/common/technology/autopilot\ap_common.h" line="0" pragmaType="inline" parentfunction="ssdm_int<8, false>::ssdm_int()" off="0" region="0" recursive="0"/>
<pragma file="D:/Aplicatii/Vitis/Vitis_HLS/2022.2/common/technology/autopilot\ap_int_base.h" line="0" pragmaType="inline" parentfunction="checkOverflowBaseC" off="0" region="0" recursive="0"/>
<pragma file="D:/Aplicatii/Vitis/Vitis_HLS/2022.2/common/technology/autopilot\ap_int_base.h" line="0" pragmaType="inline" parentfunction="checkOverflowBaseC" off="0" region="0" recursive="0"/>
<pragma file="D:/Aplicatii/Vitis/Vitis_HLS/2022.2/common/technology/autopilot\ap_common.h" line="0" pragmaType="inline" parentfunction="ssdm_int<4, false>::ssdm_int()" off="0" region="0" recursive="0"/>
<pragma file="D:/Aplicatii/Vitis/Vitis_HLS/2022.2/common/technology/autopilot\ap_common.h" line="523" pragmaType="inline" parentfunction="_ZN8ssdm_intILi4ELb0EEC2EDq4_j" off="0" region="0" recursive="0"/>
<pragma file="D:/Aplicatii/Vitis/Vitis_HLS/2022.2/common/technology/autopilot\ap_int_base.h" line="214" pragmaType="inline" parentfunction="ap_int_base<4, false>::ap_int_base(int)" off="0" region="0" recursive="0"/>
<pragma file="D:/Aplicatii/Vitis/Vitis_HLS/2022.2/common/technology/autopilot\ap_int_base.h" line="541" pragmaType="inline" parentfunction="ap_int_base<4, false>::operator unsigned long long() const" off="0" region="0" recursive="0"/>
<pragma file="D:/Aplicatii/Vitis/Vitis_HLS/2022.2/common/technology/autopilot\ap_int_base.h" line="175" pragmaType="inline" parentfunction="ap_int_base<4, false>::ap_int_base()" off="0" region="0" recursive="0"/>
<pragma file="D:/Aplicatii/Vitis/Vitis_HLS/2022.2/common/technology/autopilot\ap_int_base.h" line="175" pragmaType="inline" parentfunction="ap_int_base<8, false>::ap_int_base()" off="0" region="0" recursive="0"/>
<pragma file="seg_7_driver/seg_7_driver.cpp" line="14" pragmaType="pipeline" parentfunction="seg_7_driver" off="0" ii="-1" style=""/>
<pragma file="seg_7_driver/seg_7_driver.cpp" line="17" pragmaType="interface" parentfunction="seg_7_driver" mode="ap_ctrl_none" port="return" name=""/>
<pragma file="seg_7_driver/seg_7_driver.cpp" line="18" pragmaType="interface" parentfunction="seg_7_driver" mode="ap_none" port="digit1" name="" register="0"/>
<pragma file="seg_7_driver/seg_7_driver.cpp" line="19" pragmaType="interface" parentfunction="seg_7_driver" mode="ap_none" port="digit2" name="" register="0"/>
<pragma file="seg_7_driver/seg_7_driver.cpp" line="20" pragmaType="interface" parentfunction="seg_7_driver" mode="ap_none" port="refresh_signal" name="" register="0"/>
<pragma file="seg_7_driver/seg_7_driver.cpp" line="21" pragmaType="interface" parentfunction="seg_7_driver" mode="ap_none" port="seg_7_data" name="" register="0"/>
<pragma file="seg_7_driver/seg_7_driver.cpp" line="22" pragmaType="interface" parentfunction="seg_7_driver" mode="ap_none" port="seg_7_enable" name="" register="0"/>
<pragma file="D:/Aplicatii/Vitis/Vitis_HLS/2022.2/common/technology/autopilot\ap_int_base.h" line="214" pragmaType="inline" parentfunction="ap_int_base<8, false>::ap_int_base(int)" off="0" region="0" recursive="0"/>
<pragma file="" line="0" pragmaType="inline" parentfunction="ap_uint<8>::ap_uint()" off="0" region="0" recursive="0"/>
<pragma file="" line="0" pragmaType="inline" parentfunction="ap_uint<4>::ap_uint()" off="0" region="0" recursive="0"/>
<pragma file="" line="0" pragmaType="inline" parentfunction="ap_uint<4>::ap_uint(int)" off="0" region="0" recursive="0"/>
<pragma file="" line="0" pragmaType="inline" parentfunction="ap_uint<8>::ap_uint(int)" off="0" region="0" recursive="0"/>
<pragma file="D:/Aplicatii/Vitis/Vitis_HLS/2022.2/common/technology/autopilot\ap_common.h" line="523" pragmaType="inline" parentfunction="ssdm_int<8, false>::ssdm_int(unsigned char)" off="0" region="0" recursive="0"/>
</pragmas>
