<profile>

<section name = "Vitis HLS Report for 'seg_7_driver'" level="0">
<item name = "Date">Sun Jan 15 13:36:56 2023
</item>
<item name = "Version">2022.2 (Build 3670227 on Oct 13 2022)</item>
<item name = "Project">seg_7_driver</item>
<item name = "Solution">solution1 (Vivado IP Flow Target)</item>
<item name = "Product family">artix7</item>
<item name = "Target device">xc7a100t-csg324-1</item>
</section>

<section name = "Performance Estimates" level="0">
<item name = "Timing">
<section name = "" level="1">
<item name = "Summary"><table name="" hasTotal="0">
<keys size="4">Clock, Target, Estimated, Uncertainty</keys>
<column name="ap_clk">40.00 ns, 6.088 ns, 10.80 ns</column>
</table>
</item>
</section>
</item>
<item name = "Latency">
<section name = "" level="1">
<item name = "Summary"><table name="" hasTotal="0">
<keys size="8">, min, max, min, max, min, max, Type</keys>
<column name="">1, 1, 40.000 ns, 40.000 ns, 1, 1, yes</column>
</table>
</item>
<item name = "Detail">
<section name = "" level="1">
<item name = "Instance"><table name="" hasTotal="0">
<keys size="9">Instance, Module, min, max, min, max, min, max, Type</keys>
</table>
</item>
<item name = "Loop"><table name="" hasTotal="0">
<keys size="8">Loop Name, min, max, Latency, achieved, target, Count, Pipelined</keys>
</table>
</item>
</section>
</item>
</section>
</item>
</section>

<section name = "Utilization Estimates" level="0">
<item name = "Summary"><table name="" hasTotal="1">
<keys size="6">Name, BRAM_18K, DSP, FF, LUT, URAM</keys>
<column name="DSP">-, -, -, -, -</column>
<column name="Expression">-, -, 0, 97, -</column>
<column name="FIFO">-, -, -, -, -</column>
<column name="Instance">-, -, -, -, -</column>
<column name="Memory">0, -, 8, 2, -</column>
<column name="Multiplexer">-, -, -, -, -</column>
<column name="Register">-, -, 9, -, -</column>
<specialColumn name="Available">270, 240, 126800, 63400, 0</specialColumn>
<specialColumn name="Utilization (%)">0, 0, ~0, ~0, 0</specialColumn>
</table>
</item>
<item name = "Detail">
<section name = "" level="1">
<item name = "Instance"><table name="" hasTotal="1">
<keys size="7">Instance, Module, BRAM_18K, DSP, FF, LUT, URAM</keys>
</table>
</item>
<item name = "DSP"><table name="" hasTotal="0">
<keys size="3">Instance, Module, Expression</keys>
</table>
</item>
<item name = "Memory"><table name="" hasTotal="1">
<keys size="10">Memory, Module, BRAM_18K, FF, LUT, URAM, Words, Bits, Banks, W*Bits*Banks</keys>
<column name="seg_7_code_V_U">seg_7_code_V_ROM_AUTO_1R, 0, 8, 2, 0, 10, 8, 1, 80</column>
</table>
</item>
<item name = "FIFO"><table name="" hasTotal="1">
<keys size="8">Name, BRAM_18K, FF, LUT, URAM, Depth, Bits, Size:D*B</keys>
</table>
</item>
<item name = "Expression"><table name="" hasTotal="1">
<keys size="7">Variable Name, Operation, DSP, FF, LUT, Bitwidth P0, Bitwidth P1</keys>
<column name="and_ln11_1_fu_143_p2">and, 0, 0, 2, 1, 1</column>
<column name="and_ln11_2_fu_149_p2">and, 0, 0, 2, 1, 1</column>
<column name="and_ln11_3_fu_155_p2">and, 0, 0, 2, 1, 1</column>
<column name="and_ln11_4_fu_202_p2">and, 0, 0, 2, 1, 1</column>
<column name="and_ln11_5_fu_208_p2">and, 0, 0, 2, 1, 1</column>
<column name="and_ln11_fu_131_p2">and, 0, 0, 2, 1, 1</column>
<column name="icmp_ln34_1_fu_119_p2">icmp, 0, 0, 8, 2, 1</column>
<column name="icmp_ln34_2_fu_125_p2">icmp, 0, 0, 8, 2, 1</column>
<column name="icmp_ln34_fu_113_p2">icmp, 0, 0, 8, 2, 2</column>
<column name="or_ln11_1_fu_305_p2">or, 0, 0, 2, 1, 1</column>
<column name="or_ln11_2_fu_190_p2">or, 0, 0, 2, 1, 1</column>
<column name="or_ln11_3_fu_196_p2">or, 0, 0, 2, 1, 1</column>
<column name="or_ln11_4_fu_222_p2">or, 0, 0, 2, 1, 1</column>
<column name="or_ln11_5_fu_232_p2">or, 0, 0, 2, 1, 1</column>
<column name="or_ln11_6_fu_254_p2">or, 0, 0, 2, 1, 1</column>
<column name="or_ln11_fu_301_p2">or, 0, 0, 2, 1, 1</column>
<column name="or_ln34_fu_281_p2">or, 0, 0, 2, 1, 1</column>
<column name="next_state_fu_260_p3">select, 0, 0, 2, 1, 2</column>
<column name="seg_7_data">select, 0, 0, 8, 1, 8</column>
<column name="seg_7_enable">select, 0, 0, 4, 1, 4</column>
<column name="select_ln11_1_fu_169_p3">select, 0, 0, 4, 1, 4</column>
<column name="select_ln11_2_fu_177_p3">select, 0, 0, 4, 1, 4</column>
<column name="select_ln11_4_fu_214_p3">select, 0, 0, 3, 1, 2</column>
<column name="select_ln11_5_fu_238_p3">select, 0, 0, 3, 1, 2</column>
<column name="select_ln11_6_fu_246_p3">select, 0, 0, 2, 1, 2</column>
<column name="select_ln11_fu_161_p3">select, 0, 0, 4, 1, 4</column>
<column name="select_ln34_1_fu_285_p3">select, 0, 0, 4, 1, 3</column>
<column name="select_ln34_fu_274_p3">select, 0, 0, 3, 1, 3</column>
<column name="ap_enable_pp0">xor, 0, 0, 2, 1, 2</column>
<column name="xor_ln11_fu_137_p2">xor, 0, 0, 2, 1, 2</column>
</table>
</item>
<item name = "Multiplexer"><table name="" hasTotal="1">
<keys size="5">Name, LUT, Input Size, Bits, Total Bits</keys>
</table>
</item>
<item name = "Register"><table name="" hasTotal="1">
<keys size="5">Name, FF, LUT, Bits, Const Bits</keys>
<column name="and_ln11_1_reg_341">1, 0, 1, 0</column>
<column name="and_ln11_reg_336">1, 0, 1, 0</column>
<column name="ap_CS_fsm">1, 0, 1, 0</column>
<column name="ap_enable_reg_pp0_iter1">1, 0, 1, 0</column>
<column name="icmp_ln34_1_reg_324">1, 0, 1, 0</column>
<column name="icmp_ln34_2_reg_329">1, 0, 1, 0</column>
<column name="icmp_ln34_reg_319">1, 0, 1, 0</column>
<column name="state">2, 0, 2, 0</column>
</table>
</item>
</section>
</item>
</section>

<section name = "Interface" level="0">
<item name = "Summary"><table name="" hasTotal="0">
<keys size="6">RTL Ports, Dir, Bits, Protocol, Source Object, C Type</keys>
<column name="ap_clk">in, 1, ap_ctrl_none, seg_7_driver, return value</column>
<column name="ap_rst">in, 1, ap_ctrl_none, seg_7_driver, return value</column>
<column name="refresh_signal">in, 1, ap_none, refresh_signal, scalar</column>
<column name="digit1">in, 4, ap_none, digit1, scalar</column>
<column name="digit2">in, 4, ap_none, digit2, scalar</column>
<column name="seg_7_data">out, 8, ap_none, seg_7_data, pointer</column>
<column name="seg_7_enable">out, 4, ap_none, seg_7_enable, pointer</column>
</table>
</item>
</section>
</profile>
