<stg><name>seg_7_driver</name>


<trans_list>

<trans id="60" from="1" to="2">
<condition id="-1">
<or_exp><and_exp></and_exp></or_exp>
</condition>
</trans>
</trans_list>



<state_list>

<state id="1" st_id="1">

<operation id="3" st_id="1" stage="1" lat="1">
<core>NULL</core>
<MemPortIdVec></MemPortIdVec>
<condition id="-1">
<or_exp><and_exp></and_exp></or_exp>
</condition>

<Node id="21" bw="4" op_0_bw="4" op_1_bw="4">
<![CDATA[
entry_ifconv:13 %digit2_read = read i4 @_ssdm_op_Read.ap_none.i4, i4 %digit2

]]></Node>
<StgValue><ssdm name="digit2_read"/></StgValue>
</operation>

<operation id="4" st_id="1" stage="1" lat="1">
<core>NULL</core>
<MemPortIdVec></MemPortIdVec>
<condition id="-1">
<or_exp><and_exp></and_exp></or_exp>
</condition>

<Node id="22" bw="4" op_0_bw="4" op_1_bw="4">
<![CDATA[
entry_ifconv:14 %digit1_read = read i4 @_ssdm_op_Read.ap_none.i4, i4 %digit1

]]></Node>
<StgValue><ssdm name="digit1_read"/></StgValue>
</operation>

<operation id="5" st_id="1" stage="1" lat="1">
<core>NULL</core>
<MemPortIdVec></MemPortIdVec>
<condition id="-1">
<or_exp><and_exp></and_exp></or_exp>
</condition>

<Node id="23" bw="1" op_0_bw="1" op_1_bw="1">
<![CDATA[
entry_ifconv:15 %refresh_signal_read = read i1 @_ssdm_op_Read.ap_none.i1, i1 %refresh_signal

]]></Node>
<StgValue><ssdm name="refresh_signal_read"/></StgValue>
</operation>

<operation id="6" st_id="1" stage="1" lat="1">
<core>NULL</core>
<MemPortIdVec></MemPortIdVec>
<condition id="-1">
<or_exp><and_exp></and_exp></or_exp>
</condition>

<Node id="24" bw="2" op_0_bw="2">
<![CDATA[
entry_ifconv:16 %state_load = load i2 %state

]]></Node>
<StgValue><ssdm name="state_load"/></StgValue>
</operation>

<operation id="7" st_id="1" stage="1" lat="1">
<core>Cmp</core>
<MemPortIdVec></MemPortIdVec>
<condition id="-1">
<or_exp><and_exp></and_exp></or_exp>
</condition>

<Node id="25" bw="1" op_0_bw="2" op_1_bw="2">
<![CDATA[
entry_ifconv:17 %icmp_ln34 = icmp_eq  i2 %state_load, i2 3

]]></Node>
<StgValue><ssdm name="icmp_ln34"/></StgValue>
</operation>

<operation id="8" st_id="1" stage="1" lat="1">
<core>Cmp</core>
<MemPortIdVec></MemPortIdVec>
<condition id="-1">
<or_exp><and_exp></and_exp></or_exp>
</condition>

<Node id="26" bw="1" op_0_bw="2" op_1_bw="2">
<![CDATA[
entry_ifconv:18 %icmp_ln34_1 = icmp_eq  i2 %state_load, i2 1

]]></Node>
<StgValue><ssdm name="icmp_ln34_1"/></StgValue>
</operation>

<operation id="9" st_id="1" stage="1" lat="1">
<core>Cmp</core>
<MemPortIdVec></MemPortIdVec>
<condition id="-1">
<or_exp><and_exp></and_exp></or_exp>
</condition>

<Node id="27" bw="1" op_0_bw="2" op_1_bw="2">
<![CDATA[
entry_ifconv:19 %icmp_ln34_2 = icmp_eq  i2 %state_load, i2 0

]]></Node>
<StgValue><ssdm name="icmp_ln34_2"/></StgValue>
</operation>

<operation id="10" st_id="1" stage="1" lat="1">
<core>LogicGate</core>
<MemPortIdVec></MemPortIdVec>
<condition id="-1">
<or_exp><and_exp></and_exp></or_exp>
</condition>

<Node id="32" bw="1" op_0_bw="1" op_1_bw="1">
<![CDATA[
entry_ifconv:24 %and_ln11 = and i1 %icmp_ln34, i1 %refresh_signal_read

]]></Node>
<StgValue><ssdm name="and_ln11"/></StgValue>
</operation>

<operation id="11" st_id="1" stage="1" lat="1">
<core>LogicGate</core>
<MemPortIdVec></MemPortIdVec>
<condition id="-1">
<or_exp><and_exp></and_exp></or_exp>
</condition>

<Node id="33" bw="1" op_0_bw="1" op_1_bw="1">
<![CDATA[
entry_ifconv:25 %xor_ln11 = xor i1 %refresh_signal_read, i1 1

]]></Node>
<StgValue><ssdm name="xor_ln11"/></StgValue>
</operation>

<operation id="12" st_id="1" stage="1" lat="1">
<core>LogicGate</core>
<MemPortIdVec></MemPortIdVec>
<condition id="-1">
<or_exp><and_exp></and_exp></or_exp>
</condition>

<Node id="34" bw="1" op_0_bw="1" op_1_bw="1">
<![CDATA[
entry_ifconv:26 %and_ln11_1 = and i1 %icmp_ln34_1, i1 %xor_ln11

]]></Node>
<StgValue><ssdm name="and_ln11_1"/></StgValue>
</operation>

<operation id="13" st_id="1" stage="1" lat="1">
<core>LogicGate</core>
<MemPortIdVec></MemPortIdVec>
<condition id="-1">
<or_exp><and_exp></and_exp></or_exp>
</condition>

<Node id="35" bw="1" op_0_bw="1" op_1_bw="1">
<![CDATA[
entry_ifconv:27 %and_ln11_2 = and i1 %icmp_ln34_2, i1 %xor_ln11

]]></Node>
<StgValue><ssdm name="and_ln11_2"/></StgValue>
</operation>

<operation id="14" st_id="1" stage="1" lat="1">
<core>LogicGate</core>
<MemPortIdVec></MemPortIdVec>
<condition id="-1">
<or_exp><and_exp></and_exp></or_exp>
</condition>

<Node id="36" bw="1" op_0_bw="1" op_1_bw="1">
<![CDATA[
entry_ifconv:28 %and_ln11_3 = and i1 %icmp_ln34_2, i1 %refresh_signal_read

]]></Node>
<StgValue><ssdm name="and_ln11_3"/></StgValue>
</operation>

<operation id="15" st_id="1" stage="1" lat="1">
<core>Sel</core>
<MemPortIdVec></MemPortIdVec>
<condition id="-1">
<or_exp><and_exp></and_exp></or_exp>
</condition>

<Node id="37" bw="4" op_0_bw="1" op_1_bw="4" op_2_bw="4">
<![CDATA[
entry_ifconv:29 %select_ln11 = select i1 %and_ln11_3, i4 %digit2_read, i4 %digit1_read

]]></Node>
<StgValue><ssdm name="select_ln11"/></StgValue>
</operation>

<operation id="16" st_id="1" stage="1" lat="1">
<core>Sel</core>
<MemPortIdVec></MemPortIdVec>
<condition id="-1">
<or_exp><and_exp></and_exp></or_exp>
</condition>

<Node id="38" bw="4" op_0_bw="1" op_1_bw="4" op_2_bw="4">
<![CDATA[
entry_ifconv:30 %select_ln11_1 = select i1 %and_ln11_1, i4 %digit2_read, i4 %digit1_read

]]></Node>
<StgValue><ssdm name="select_ln11_1"/></StgValue>
</operation>

<operation id="17" st_id="1" stage="1" lat="1">
<core>Sel</core>
<MemPortIdVec></MemPortIdVec>
<condition id="-1">
<or_exp><and_exp></and_exp></or_exp>
</condition>

<Node id="40" bw="4" op_0_bw="1" op_1_bw="4" op_2_bw="4">
<![CDATA[
entry_ifconv:32 %select_ln11_2 = select i1 %icmp_ln34_2, i4 %select_ln11, i4 %select_ln11_1

]]></Node>
<StgValue><ssdm name="select_ln11_2"/></StgValue>
</operation>

<operation id="18" st_id="1" stage="1" lat="1">
<core>NULL</core>
<MemPortIdVec></MemPortIdVec>
<condition id="-1">
<or_exp><and_exp></and_exp></or_exp>
</condition>

<Node id="41" bw="64" op_0_bw="4">
<![CDATA[
entry_ifconv:33 %zext_ln11 = zext i4 %select_ln11_2

]]></Node>
<StgValue><ssdm name="zext_ln11"/></StgValue>
</operation>

<operation id="19" st_id="1" stage="1" lat="1">
<core>NULL</core>
<MemPortIdVec></MemPortIdVec>
<condition id="-1">
<or_exp><and_exp></and_exp></or_exp>
</condition>

<Node id="42" bw="4" op_0_bw="8" op_1_bw="64" op_2_bw="64">
<![CDATA[
entry_ifconv:34 %seg_7_code_V_addr = getelementptr i8 %seg_7_code_V, i64 0, i64 %zext_ln11

]]></Node>
<StgValue><ssdm name="seg_7_code_V_addr"/></StgValue>
</operation>

<operation id="20" st_id="1" stage="2" lat="2">
<core>ROM</core>
<MemPortIdVec>0 </MemPortIdVec>
<condition id="-1">
<or_exp><and_exp></and_exp></or_exp>
</condition>

<Node id="43" bw="8" op_0_bw="4">
<![CDATA[
entry_ifconv:35 %seg_7_code_V_load = load i4 %seg_7_code_V_addr

]]></Node>
<StgValue><ssdm name="seg_7_code_V_load"/></StgValue>
</operation>

<operation id="21" st_id="1" stage="1" lat="1">
<core>LogicGate</core>
<MemPortIdVec></MemPortIdVec>
<condition id="-1">
<or_exp><and_exp></and_exp></or_exp>
</condition>

<Node id="46" bw="1" op_0_bw="1" op_1_bw="1">
<![CDATA[
entry_ifconv:38 %or_ln11_2 = or i1 %and_ln11_2, i1 %and_ln11

]]></Node>
<StgValue><ssdm name="or_ln11_2"/></StgValue>
</operation>

<operation id="22" st_id="1" stage="1" lat="1">
<core>LogicGate</core>
<MemPortIdVec></MemPortIdVec>
<condition id="-1">
<or_exp><and_exp></and_exp></or_exp>
</condition>

<Node id="47" bw="1" op_0_bw="1" op_1_bw="1">
<![CDATA[
entry_ifconv:39 %or_ln11_3 = or i1 %and_ln11_3, i1 %and_ln11_1

]]></Node>
<StgValue><ssdm name="or_ln11_3"/></StgValue>
</operation>

<operation id="23" st_id="1" stage="1" lat="1">
<core>LogicGate</core>
<MemPortIdVec></MemPortIdVec>
<condition id="-1">
<or_exp><and_exp></and_exp></or_exp>
</condition>

<Node id="48" bw="1" op_0_bw="1" op_1_bw="1">
<![CDATA[
entry_ifconv:40 %and_ln11_4 = and i1 %icmp_ln34_1, i1 %refresh_signal_read

]]></Node>
<StgValue><ssdm name="and_ln11_4"/></StgValue>
</operation>

<operation id="24" st_id="1" stage="1" lat="1">
<core>LogicGate</core>
<MemPortIdVec></MemPortIdVec>
<condition id="-1">
<or_exp><and_exp></and_exp></or_exp>
</condition>

<Node id="49" bw="1" op_0_bw="1" op_1_bw="1">
<![CDATA[
entry_ifconv:41 %and_ln11_5 = and i1 %icmp_ln34, i1 %xor_ln11

]]></Node>
<StgValue><ssdm name="and_ln11_5"/></StgValue>
</operation>

<operation id="25" st_id="1" stage="1" lat="1">
<core>Sel</core>
<MemPortIdVec></MemPortIdVec>
<condition id="-1">
<or_exp><and_exp></and_exp></or_exp>
</condition>

<Node id="50" bw="2" op_0_bw="1" op_1_bw="2" op_2_bw="2">
<![CDATA[
entry_ifconv:42 %select_ln11_4 = select i1 %and_ln11_5, i2 3, i2 2

]]></Node>
<StgValue><ssdm name="select_ln11_4"/></StgValue>
</operation>

<operation id="26" st_id="1" stage="1" lat="1">
<core>LogicGate</core>
<MemPortIdVec></MemPortIdVec>
<condition id="-1">
<or_exp><and_exp></and_exp></or_exp>
</condition>

<Node id="51" bw="1" op_0_bw="1" op_1_bw="1">
<![CDATA[
entry_ifconv:43 %or_ln11_4 = or i1 %and_ln11_5, i1 %and_ln11_4

]]></Node>
<StgValue><ssdm name="or_ln11_4"/></StgValue>
</operation>

<operation id="27" st_id="1" stage="1" lat="1">
<core>NULL</core>
<MemPortIdVec></MemPortIdVec>
<condition id="-1">
<or_exp><and_exp></and_exp></or_exp>
</condition>

<Node id="52" bw="2" op_0_bw="1">
<![CDATA[
entry_ifconv:44 %zext_ln11_1 = zext i1 %or_ln11_3

]]></Node>
<StgValue><ssdm name="zext_ln11_1"/></StgValue>
</operation>

<operation id="28" st_id="1" stage="1" lat="1">
<core>LogicGate</core>
<MemPortIdVec></MemPortIdVec>
<condition id="-1">
<or_exp><and_exp></and_exp></or_exp>
</condition>

<Node id="53" bw="1" op_0_bw="1" op_1_bw="1">
<![CDATA[
entry_ifconv:45 %or_ln11_5 = or i1 %or_ln11_3, i1 %or_ln11_2

]]></Node>
<StgValue><ssdm name="or_ln11_5"/></StgValue>
</operation>

<operation id="29" st_id="1" stage="1" lat="1">
<core>Sel</core>
<MemPortIdVec></MemPortIdVec>
<condition id="-1">
<or_exp><and_exp></and_exp></or_exp>
</condition>

<Node id="54" bw="2" op_0_bw="1" op_1_bw="2" op_2_bw="2">
<![CDATA[
entry_ifconv:46 %select_ln11_5 = select i1 %refresh_signal_read, i2 3, i2 2

]]></Node>
<StgValue><ssdm name="select_ln11_5"/></StgValue>
</operation>

<operation id="30" st_id="1" stage="1" lat="1">
<core>Sel</core>
<MemPortIdVec></MemPortIdVec>
<condition id="-1">
<or_exp><and_exp></and_exp></or_exp>
</condition>

<Node id="55" bw="2" op_0_bw="1" op_1_bw="2" op_2_bw="2">
<![CDATA[
entry_ifconv:47 %select_ln11_6 = select i1 %or_ln11_4, i2 %select_ln11_4, i2 %zext_ln11_1

]]></Node>
<StgValue><ssdm name="select_ln11_6"/></StgValue>
</operation>

<operation id="31" st_id="1" stage="1" lat="1">
<core>LogicGate</core>
<MemPortIdVec></MemPortIdVec>
<condition id="-1">
<or_exp><and_exp></and_exp></or_exp>
</condition>

<Node id="56" bw="1" op_0_bw="1" op_1_bw="1">
<![CDATA[
entry_ifconv:48 %or_ln11_6 = or i1 %or_ln11_4, i1 %or_ln11_5

]]></Node>
<StgValue><ssdm name="or_ln11_6"/></StgValue>
</operation>

<operation id="32" st_id="1" stage="1" lat="1">
<core>Sel</core>
<MemPortIdVec></MemPortIdVec>
<condition id="-1">
<or_exp><and_exp></and_exp></or_exp>
</condition>

<Node id="57" bw="2" op_0_bw="1" op_1_bw="2" op_2_bw="2">
<![CDATA[
entry_ifconv:49 %next_state = select i1 %or_ln11_6, i2 %select_ln11_6, i2 %select_ln11_5

]]></Node>
<StgValue><ssdm name="next_state"/></StgValue>
</operation>

<operation id="33" st_id="1" stage="1" lat="1">
<core>NULL</core>
<MemPortIdVec></MemPortIdVec>
<condition id="-1">
<or_exp><and_exp></and_exp></or_exp>
</condition>

<Node id="58" bw="0" op_0_bw="2" op_1_bw="2" op_2_bw="0">
<![CDATA[
entry_ifconv:50 %store_ln92 = store i2 %next_state, i2 %state

]]></Node>
<StgValue><ssdm name="store_ln92"/></StgValue>
</operation>
</state>

<state id="2" st_id="2">

<operation id="34" st_id="2" stage="1" lat="1">
<core>NULL</core>
<MemPortIdVec></MemPortIdVec>
<condition id="-1">
<or_exp><and_exp></and_exp></or_exp>
</condition>

<Node id="8" bw="0" op_0_bw="0" op_1_bw="32" op_2_bw="32" op_3_bw="32" op_4_bw="32" op_5_bw="0">
<![CDATA[
entry_ifconv:0 %specpipeline_ln14 = specpipeline void @_ssdm_op_SpecPipeline, i32 4294967295, i32 0, i32 0, i32 0, void @empty_0

]]></Node>
<StgValue><ssdm name="specpipeline_ln14"/></StgValue>
</operation>

<operation id="35" st_id="2" stage="1" lat="1">
<core>NULL</core>
<MemPortIdVec></MemPortIdVec>
<condition id="-1">
<or_exp><and_exp></and_exp></or_exp>
</condition>

<Node id="9" bw="0" op_0_bw="0" op_1_bw="0">
<![CDATA[
entry_ifconv:1 %spectopmodule_ln10 = spectopmodule void @_ssdm_op_SpecTopModule, void @empty_1

]]></Node>
<StgValue><ssdm name="spectopmodule_ln10"/></StgValue>
</operation>

<operation id="36" st_id="2" stage="1" lat="1">
<core>NULL</core>
<MemPortIdVec></MemPortIdVec>
<condition id="-1">
<or_exp><and_exp></and_exp></or_exp>
</condition>

<Node id="10" bw="0" op_0_bw="0" op_1_bw="32" op_2_bw="0" op_3_bw="32" op_4_bw="32" op_5_bw="0" op_6_bw="32" op_7_bw="32" op_8_bw="0" op_9_bw="0" op_10_bw="0" op_11_bw="32" op_12_bw="32" op_13_bw="32" op_14_bw="32" op_15_bw="0" op_16_bw="0" op_17_bw="32" op_18_bw="32">
<![CDATA[
entry_ifconv:2 %specinterface_ln10 = specinterface void @_ssdm_op_SpecInterface, i32 0, void @empty_2, i32 0, i32 0, void @empty_0, i32 0, i32 0, void @empty_0, void @empty_0, void @empty_0, i32 0, i32 0, i32 0, i32 0, void @empty_0, void @empty_0, i32 4294967295, i32 0

]]></Node>
<StgValue><ssdm name="specinterface_ln10"/></StgValue>
</operation>

<operation id="37" st_id="2" stage="1" lat="1">
<core>NULL</core>
<MemPortIdVec></MemPortIdVec>
<condition id="-1">
<or_exp><and_exp></and_exp></or_exp>
</condition>

<Node id="11" bw="0" op_0_bw="0" op_1_bw="1">
<![CDATA[
entry_ifconv:3 %specbitsmap_ln0 = specbitsmap void @_ssdm_op_SpecBitsMap, i1 %refresh_signal

]]></Node>
<StgValue><ssdm name="specbitsmap_ln0"/></StgValue>
</operation>

<operation id="38" st_id="2" stage="1" lat="1">
<core>NULL</core>
<MemPortIdVec></MemPortIdVec>
<condition id="-1">
<or_exp><and_exp></and_exp></or_exp>
</condition>

<Node id="12" bw="0" op_0_bw="0" op_1_bw="1" op_2_bw="0" op_3_bw="32" op_4_bw="32" op_5_bw="0" op_6_bw="32" op_7_bw="32" op_8_bw="0" op_9_bw="0" op_10_bw="0" op_11_bw="32" op_12_bw="32" op_13_bw="32" op_14_bw="32" op_15_bw="0" op_16_bw="0" op_17_bw="32" op_18_bw="32">
<![CDATA[
entry_ifconv:4 %specinterface_ln0 = specinterface void @_ssdm_op_SpecInterface, i1 %refresh_signal, void @empty, i32 0, i32 0, void @empty_0, i32 0, i32 0, void @empty_0, void @empty_0, void @empty_0, i32 0, i32 0, i32 0, i32 0, void @empty_0, void @empty_0, i32 4294967295, i32 0

]]></Node>
<StgValue><ssdm name="specinterface_ln0"/></StgValue>
</operation>

<operation id="39" st_id="2" stage="1" lat="1">
<core>NULL</core>
<MemPortIdVec></MemPortIdVec>
<condition id="-1">
<or_exp><and_exp></and_exp></or_exp>
</condition>

<Node id="13" bw="0" op_0_bw="0" op_1_bw="4">
<![CDATA[
entry_ifconv:5 %specbitsmap_ln0 = specbitsmap void @_ssdm_op_SpecBitsMap, i4 %digit1

]]></Node>
<StgValue><ssdm name="specbitsmap_ln0"/></StgValue>
</operation>

<operation id="40" st_id="2" stage="1" lat="1">
<core>NULL</core>
<MemPortIdVec></MemPortIdVec>
<condition id="-1">
<or_exp><and_exp></and_exp></or_exp>
</condition>

<Node id="14" bw="0" op_0_bw="0" op_1_bw="4" op_2_bw="0" op_3_bw="32" op_4_bw="32" op_5_bw="0" op_6_bw="32" op_7_bw="32" op_8_bw="0" op_9_bw="0" op_10_bw="0" op_11_bw="32" op_12_bw="32" op_13_bw="32" op_14_bw="32" op_15_bw="0" op_16_bw="0" op_17_bw="32" op_18_bw="32">
<![CDATA[
entry_ifconv:6 %specinterface_ln0 = specinterface void @_ssdm_op_SpecInterface, i4 %digit1, void @empty, i32 0, i32 0, void @empty_0, i32 0, i32 0, void @empty_0, void @empty_0, void @empty_0, i32 0, i32 0, i32 0, i32 0, void @empty_0, void @empty_0, i32 4294967295, i32 0

]]></Node>
<StgValue><ssdm name="specinterface_ln0"/></StgValue>
</operation>

<operation id="41" st_id="2" stage="1" lat="1">
<core>NULL</core>
<MemPortIdVec></MemPortIdVec>
<condition id="-1">
<or_exp><and_exp></and_exp></or_exp>
</condition>

<Node id="15" bw="0" op_0_bw="0" op_1_bw="4">
<![CDATA[
entry_ifconv:7 %specbitsmap_ln0 = specbitsmap void @_ssdm_op_SpecBitsMap, i4 %digit2

]]></Node>
<StgValue><ssdm name="specbitsmap_ln0"/></StgValue>
</operation>

<operation id="42" st_id="2" stage="1" lat="1">
<core>NULL</core>
<MemPortIdVec></MemPortIdVec>
<condition id="-1">
<or_exp><and_exp></and_exp></or_exp>
</condition>

<Node id="16" bw="0" op_0_bw="0" op_1_bw="4" op_2_bw="0" op_3_bw="32" op_4_bw="32" op_5_bw="0" op_6_bw="32" op_7_bw="32" op_8_bw="0" op_9_bw="0" op_10_bw="0" op_11_bw="32" op_12_bw="32" op_13_bw="32" op_14_bw="32" op_15_bw="0" op_16_bw="0" op_17_bw="32" op_18_bw="32">
<![CDATA[
entry_ifconv:8 %specinterface_ln0 = specinterface void @_ssdm_op_SpecInterface, i4 %digit2, void @empty, i32 0, i32 0, void @empty_0, i32 0, i32 0, void @empty_0, void @empty_0, void @empty_0, i32 0, i32 0, i32 0, i32 0, void @empty_0, void @empty_0, i32 4294967295, i32 0

]]></Node>
<StgValue><ssdm name="specinterface_ln0"/></StgValue>
</operation>

<operation id="43" st_id="2" stage="1" lat="1">
<core>NULL</core>
<MemPortIdVec></MemPortIdVec>
<condition id="-1">
<or_exp><and_exp></and_exp></or_exp>
</condition>

<Node id="17" bw="0" op_0_bw="0" op_1_bw="8">
<![CDATA[
entry_ifconv:9 %specbitsmap_ln0 = specbitsmap void @_ssdm_op_SpecBitsMap, i8 %seg_7_data

]]></Node>
<StgValue><ssdm name="specbitsmap_ln0"/></StgValue>
</operation>

<operation id="44" st_id="2" stage="1" lat="1">
<core>NULL</core>
<MemPortIdVec></MemPortIdVec>
<condition id="-1">
<or_exp><and_exp></and_exp></or_exp>
</condition>

<Node id="18" bw="0" op_0_bw="0" op_1_bw="8" op_2_bw="0" op_3_bw="32" op_4_bw="32" op_5_bw="0" op_6_bw="32" op_7_bw="32" op_8_bw="0" op_9_bw="0" op_10_bw="0" op_11_bw="32" op_12_bw="32" op_13_bw="32" op_14_bw="32" op_15_bw="0" op_16_bw="0" op_17_bw="32" op_18_bw="32">
<![CDATA[
entry_ifconv:10 %specinterface_ln0 = specinterface void @_ssdm_op_SpecInterface, i8 %seg_7_data, void @empty, i32 0, i32 0, void @empty_0, i32 0, i32 0, void @empty_0, void @empty_0, void @empty_0, i32 0, i32 0, i32 0, i32 0, void @empty_0, void @empty_0, i32 4294967295, i32 0

]]></Node>
<StgValue><ssdm name="specinterface_ln0"/></StgValue>
</operation>

<operation id="45" st_id="2" stage="1" lat="1">
<core>NULL</core>
<MemPortIdVec></MemPortIdVec>
<condition id="-1">
<or_exp><and_exp></and_exp></or_exp>
</condition>

<Node id="19" bw="0" op_0_bw="0" op_1_bw="4">
<![CDATA[
entry_ifconv:11 %specbitsmap_ln0 = specbitsmap void @_ssdm_op_SpecBitsMap, i4 %seg_7_enable

]]></Node>
<StgValue><ssdm name="specbitsmap_ln0"/></StgValue>
</operation>

<operation id="46" st_id="2" stage="1" lat="1">
<core>NULL</core>
<MemPortIdVec></MemPortIdVec>
<condition id="-1">
<or_exp><and_exp></and_exp></or_exp>
</condition>

<Node id="20" bw="0" op_0_bw="0" op_1_bw="4" op_2_bw="0" op_3_bw="32" op_4_bw="32" op_5_bw="0" op_6_bw="32" op_7_bw="32" op_8_bw="0" op_9_bw="0" op_10_bw="0" op_11_bw="32" op_12_bw="32" op_13_bw="32" op_14_bw="32" op_15_bw="0" op_16_bw="0" op_17_bw="32" op_18_bw="32">
<![CDATA[
entry_ifconv:12 %specinterface_ln0 = specinterface void @_ssdm_op_SpecInterface, i4 %seg_7_enable, void @empty, i32 0, i32 0, void @empty_0, i32 0, i32 0, void @empty_0, void @empty_0, void @empty_0, i32 0, i32 0, i32 0, i32 0, void @empty_0, void @empty_0, i32 4294967295, i32 0

]]></Node>
<StgValue><ssdm name="specinterface_ln0"/></StgValue>
</operation>

<operation id="47" st_id="2" stage="1" lat="1">
<core>Sel</core>
<MemPortIdVec></MemPortIdVec>
<condition id="-1">
<or_exp><and_exp></and_exp></or_exp>
</condition>

<Node id="28" bw="4" op_0_bw="1" op_1_bw="4" op_2_bw="4">
<![CDATA[
entry_ifconv:20 %select_ln34 = select i1 %icmp_ln34_2, i4 14, i4 13

]]></Node>
<StgValue><ssdm name="select_ln34"/></StgValue>
</operation>

<operation id="48" st_id="2" stage="1" lat="1">
<core>LogicGate</core>
<MemPortIdVec></MemPortIdVec>
<condition id="-1">
<or_exp><and_exp></and_exp></or_exp>
</condition>

<Node id="29" bw="1" op_0_bw="1" op_1_bw="1">
<![CDATA[
entry_ifconv:21 %or_ln34 = or i1 %icmp_ln34_2, i1 %icmp_ln34_1

]]></Node>
<StgValue><ssdm name="or_ln34"/></StgValue>
</operation>

<operation id="49" st_id="2" stage="1" lat="1">
<core>Sel</core>
<MemPortIdVec></MemPortIdVec>
<condition id="-1">
<or_exp><and_exp></and_exp></or_exp>
</condition>

<Node id="30" bw="4" op_0_bw="1" op_1_bw="4" op_2_bw="4">
<![CDATA[
entry_ifconv:22 %select_ln34_1 = select i1 %icmp_ln34, i4 7, i4 11

]]></Node>
<StgValue><ssdm name="select_ln34_1"/></StgValue>
</operation>

<operation id="50" st_id="2" stage="1" lat="1">
<core>Sel</core>
<MemPortIdVec></MemPortIdVec>
<condition id="-1">
<or_exp><and_exp></and_exp></or_exp>
</condition>

<Node id="31" bw="4" op_0_bw="1" op_1_bw="4" op_2_bw="4">
<![CDATA[
entry_ifconv:23 %seg_7_enable_local = select i1 %or_ln34, i4 %select_ln34, i4 %select_ln34_1

]]></Node>
<StgValue><ssdm name="seg_7_enable_local"/></StgValue>
</operation>

<operation id="51" st_id="2" stage="1" lat="1">
<core>LogicGate</core>
<MemPortIdVec></MemPortIdVec>
<condition id="-1">
<or_exp><and_exp></and_exp></or_exp>
</condition>

<Node id="39" bw="1" op_0_bw="1" op_1_bw="1">
<![CDATA[
entry_ifconv:31 %or_ln11 = or i1 %and_ln11_1, i1 %and_ln11

]]></Node>
<StgValue><ssdm name="or_ln11"/></StgValue>
</operation>

<operation id="52" st_id="2" stage="1" lat="2">
<core>ROM</core>
<MemPortIdVec>0 </MemPortIdVec>
<condition id="-1">
<or_exp><and_exp></and_exp></or_exp>
</condition>

<Node id="43" bw="8" op_0_bw="4">
<![CDATA[
entry_ifconv:35 %seg_7_code_V_load = load i4 %seg_7_code_V_addr

]]></Node>
<StgValue><ssdm name="seg_7_code_V_load"/></StgValue>
</operation>

<operation id="53" st_id="2" stage="1" lat="1">
<core>LogicGate</core>
<MemPortIdVec></MemPortIdVec>
<condition id="-1">
<or_exp><and_exp></and_exp></or_exp>
</condition>

<Node id="44" bw="1" op_0_bw="1" op_1_bw="1">
<![CDATA[
entry_ifconv:36 %or_ln11_1 = or i1 %icmp_ln34_2, i1 %or_ln11

]]></Node>
<StgValue><ssdm name="or_ln11_1"/></StgValue>
</operation>

<operation id="54" st_id="2" stage="1" lat="1">
<core>Sel</core>
<MemPortIdVec></MemPortIdVec>
<condition id="-1">
<or_exp><and_exp></and_exp></or_exp>
</condition>

<Node id="45" bw="8" op_0_bw="1" op_1_bw="8" op_2_bw="8">
<![CDATA[
entry_ifconv:37 %seg_7_data_local = select i1 %or_ln11_1, i8 %seg_7_code_V_load, i8 192

]]></Node>
<StgValue><ssdm name="seg_7_data_local"/></StgValue>
</operation>

<operation id="55" st_id="2" stage="1" lat="1">
<core>NULL</core>
<MemPortIdVec></MemPortIdVec>
<condition id="-1">
<or_exp><and_exp></and_exp></or_exp>
</condition>

<Node id="59" bw="0" op_0_bw="0" op_1_bw="8" op_2_bw="8">
<![CDATA[
entry_ifconv:51 %write_ln93 = write void @_ssdm_op_Write.ap_none.i8P0A, i8 %seg_7_data, i8 %seg_7_data_local

]]></Node>
<StgValue><ssdm name="write_ln93"/></StgValue>
</operation>

<operation id="56" st_id="2" stage="1" lat="1">
<core>NULL</core>
<MemPortIdVec></MemPortIdVec>
<condition id="-1">
<or_exp><and_exp></and_exp></or_exp>
</condition>

<Node id="60" bw="0" op_0_bw="0" op_1_bw="4" op_2_bw="4">
<![CDATA[
entry_ifconv:52 %write_ln94 = write void @_ssdm_op_Write.ap_none.i4P0A, i4 %seg_7_enable, i4 %seg_7_enable_local

]]></Node>
<StgValue><ssdm name="write_ln94"/></StgValue>
</operation>

<operation id="57" st_id="2" stage="1" lat="1">
<core>NULL</core>
<MemPortIdVec></MemPortIdVec>
<condition id="-1">
<or_exp><and_exp></and_exp></or_exp>
</condition>

<Node id="61" bw="0">
<![CDATA[
entry_ifconv:53 %ret_ln96 = ret

]]></Node>
<StgValue><ssdm name="ret_ln96"/></StgValue>
</operation>
</state>
</state_list>


<ports>
<port id="61" name="refresh_signal" dir="0" iftype="0">
<core>NULL</core><StgValue><ssdm name="refresh_signal"/></StgValue>
</port>
<port id="62" name="digit1" dir="0" iftype="0">
<core>NULL</core><StgValue><ssdm name="digit1"/></StgValue>
</port>
<port id="63" name="digit2" dir="0" iftype="0">
<core>NULL</core><StgValue><ssdm name="digit2"/></StgValue>
</port>
<port id="64" name="seg_7_data" dir="1" iftype="0">
<core>NULL</core><StgValue><ssdm name="seg_7_data"/></StgValue>
</port>
<port id="65" name="seg_7_enable" dir="1" iftype="0">
<core>NULL</core><StgValue><ssdm name="seg_7_enable"/></StgValue>
</port>
<port id="66" name="state" dir="2" iftype="0">
<core>NULL</core><StgValue><ssdm name="state"/></StgValue>
</port>
<port id="67" name="seg_7_code_V" dir="0" iftype="1">
<core>ROM</core><StgValue><ssdm name="seg_7_code_V"/><MemPortTyVec>1 </MemPortTyVec>
</StgValue>
</port>
</ports>


<dataflows>
<dataflow id="69" from="_ssdm_op_Read.ap_none.i4" to="digit2_read" fromId="68" toId="3">
</dataflow>
<dataflow id="70" from="digit2" to="digit2_read" fromId="63" toId="3">
</dataflow>
<dataflow id="71" from="_ssdm_op_Read.ap_none.i4" to="digit1_read" fromId="68" toId="4">
</dataflow>
<dataflow id="72" from="digit1" to="digit1_read" fromId="62" toId="4">
</dataflow>
<dataflow id="74" from="_ssdm_op_Read.ap_none.i1" to="refresh_signal_read" fromId="73" toId="5">
</dataflow>
<dataflow id="75" from="refresh_signal" to="refresh_signal_read" fromId="61" toId="5">
</dataflow>
<dataflow id="76" from="state" to="state_load" fromId="66" toId="6">
</dataflow>
<dataflow id="77" from="state_load" to="icmp_ln34" fromId="6" toId="7">
</dataflow>
<dataflow id="79" from="StgValue_78" to="icmp_ln34" fromId="78" toId="7">
</dataflow>
<dataflow id="80" from="state_load" to="icmp_ln34_1" fromId="6" toId="8">
</dataflow>
<dataflow id="82" from="StgValue_81" to="icmp_ln34_1" fromId="81" toId="8">
</dataflow>
<dataflow id="83" from="state_load" to="icmp_ln34_2" fromId="6" toId="9">
</dataflow>
<dataflow id="85" from="StgValue_84" to="icmp_ln34_2" fromId="84" toId="9">
</dataflow>
<dataflow id="86" from="icmp_ln34" to="and_ln11" fromId="7" toId="10">
</dataflow>
<dataflow id="87" from="refresh_signal_read" to="and_ln11" fromId="5" toId="10">
</dataflow>
<dataflow id="88" from="refresh_signal_read" to="xor_ln11" fromId="5" toId="11">
</dataflow>
<dataflow id="90" from="StgValue_89" to="xor_ln11" fromId="89" toId="11">
</dataflow>
<dataflow id="91" from="icmp_ln34_1" to="and_ln11_1" fromId="8" toId="12">
</dataflow>
<dataflow id="92" from="xor_ln11" to="and_ln11_1" fromId="11" toId="12">
</dataflow>
<dataflow id="93" from="icmp_ln34_2" to="and_ln11_2" fromId="9" toId="13">
</dataflow>
<dataflow id="94" from="xor_ln11" to="and_ln11_2" fromId="11" toId="13">
</dataflow>
<dataflow id="95" from="icmp_ln34_2" to="and_ln11_3" fromId="9" toId="14">
</dataflow>
<dataflow id="96" from="refresh_signal_read" to="and_ln11_3" fromId="5" toId="14">
</dataflow>
<dataflow id="97" from="and_ln11_3" to="select_ln11" fromId="14" toId="15">
</dataflow>
<dataflow id="98" from="digit2_read" to="select_ln11" fromId="3" toId="15">
</dataflow>
<dataflow id="99" from="digit1_read" to="select_ln11" fromId="4" toId="15">
</dataflow>
<dataflow id="100" from="and_ln11_1" to="select_ln11_1" fromId="12" toId="16">
</dataflow>
<dataflow id="101" from="digit2_read" to="select_ln11_1" fromId="3" toId="16">
</dataflow>
<dataflow id="102" from="digit1_read" to="select_ln11_1" fromId="4" toId="16">
</dataflow>
<dataflow id="103" from="icmp_ln34_2" to="select_ln11_2" fromId="9" toId="17">
</dataflow>
<dataflow id="104" from="select_ln11" to="select_ln11_2" fromId="15" toId="17">
</dataflow>
<dataflow id="105" from="select_ln11_1" to="select_ln11_2" fromId="16" toId="17">
</dataflow>
<dataflow id="106" from="select_ln11_2" to="zext_ln11" fromId="17" toId="18">
</dataflow>
<dataflow id="107" from="seg_7_code_V" to="seg_7_code_V_addr" fromId="67" toId="19">
</dataflow>
<dataflow id="109" from="StgValue_108" to="seg_7_code_V_addr" fromId="108" toId="19">
</dataflow>
<dataflow id="110" from="zext_ln11" to="seg_7_code_V_addr" fromId="18" toId="19">
</dataflow>
<dataflow id="111" from="seg_7_code_V_addr" to="seg_7_code_V_load" fromId="19" toId="20">
</dataflow>
<dataflow id="112" from="and_ln11_2" to="or_ln11_2" fromId="13" toId="21">
</dataflow>
<dataflow id="113" from="and_ln11" to="or_ln11_2" fromId="10" toId="21">
</dataflow>
<dataflow id="114" from="and_ln11_3" to="or_ln11_3" fromId="14" toId="22">
</dataflow>
<dataflow id="115" from="and_ln11_1" to="or_ln11_3" fromId="12" toId="22">
</dataflow>
<dataflow id="116" from="icmp_ln34_1" to="and_ln11_4" fromId="8" toId="23">
</dataflow>
<dataflow id="117" from="refresh_signal_read" to="and_ln11_4" fromId="5" toId="23">
</dataflow>
<dataflow id="118" from="icmp_ln34" to="and_ln11_5" fromId="7" toId="24">
</dataflow>
<dataflow id="119" from="xor_ln11" to="and_ln11_5" fromId="11" toId="24">
</dataflow>
<dataflow id="120" from="and_ln11_5" to="select_ln11_4" fromId="24" toId="25">
</dataflow>
<dataflow id="121" from="StgValue_78" to="select_ln11_4" fromId="78" toId="25">
</dataflow>
<dataflow id="123" from="StgValue_122" to="select_ln11_4" fromId="122" toId="25">
</dataflow>
<dataflow id="124" from="and_ln11_5" to="or_ln11_4" fromId="24" toId="26">
</dataflow>
<dataflow id="125" from="and_ln11_4" to="or_ln11_4" fromId="23" toId="26">
</dataflow>
<dataflow id="126" from="or_ln11_3" to="zext_ln11_1" fromId="22" toId="27">
</dataflow>
<dataflow id="127" from="or_ln11_3" to="or_ln11_5" fromId="22" toId="28">
</dataflow>
<dataflow id="128" from="or_ln11_2" to="or_ln11_5" fromId="21" toId="28">
</dataflow>
<dataflow id="129" from="refresh_signal_read" to="select_ln11_5" fromId="5" toId="29">
</dataflow>
<dataflow id="130" from="StgValue_78" to="select_ln11_5" fromId="78" toId="29">
</dataflow>
<dataflow id="131" from="StgValue_122" to="select_ln11_5" fromId="122" toId="29">
</dataflow>
<dataflow id="132" from="or_ln11_4" to="select_ln11_6" fromId="26" toId="30">
</dataflow>
<dataflow id="133" from="select_ln11_4" to="select_ln11_6" fromId="25" toId="30">
</dataflow>
<dataflow id="134" from="zext_ln11_1" to="select_ln11_6" fromId="27" toId="30">
</dataflow>
<dataflow id="135" from="or_ln11_4" to="or_ln11_6" fromId="26" toId="31">
</dataflow>
<dataflow id="136" from="or_ln11_5" to="or_ln11_6" fromId="28" toId="31">
</dataflow>
<dataflow id="137" from="or_ln11_6" to="next_state" fromId="31" toId="32">
</dataflow>
<dataflow id="138" from="select_ln11_6" to="next_state" fromId="30" toId="32">
</dataflow>
<dataflow id="139" from="select_ln11_5" to="next_state" fromId="29" toId="32">
</dataflow>
<dataflow id="140" from="next_state" to="store_ln92" fromId="32" toId="33">
</dataflow>
<dataflow id="141" from="state" to="store_ln92" fromId="66" toId="33">
</dataflow>
<dataflow id="143" from="_ssdm_op_SpecPipeline" to="specpipeline_ln14" fromId="142" toId="34">
</dataflow>
<dataflow id="145" from="StgValue_144" to="specpipeline_ln14" fromId="144" toId="34">
</dataflow>
<dataflow id="147" from="StgValue_146" to="specpipeline_ln14" fromId="146" toId="34">
</dataflow>
<dataflow id="148" from="StgValue_146" to="specpipeline_ln14" fromId="146" toId="34">
</dataflow>
<dataflow id="149" from="StgValue_146" to="specpipeline_ln14" fromId="146" toId="34">
</dataflow>
<dataflow id="151" from="empty_0" to="specpipeline_ln14" fromId="150" toId="34">
</dataflow>
<dataflow id="153" from="_ssdm_op_SpecTopModule" to="spectopmodule_ln10" fromId="152" toId="35">
</dataflow>
<dataflow id="155" from="empty_1" to="spectopmodule_ln10" fromId="154" toId="35">
</dataflow>
<dataflow id="157" from="_ssdm_op_SpecInterface" to="specinterface_ln10" fromId="156" toId="36">
</dataflow>
<dataflow id="158" from="StgValue_146" to="specinterface_ln10" fromId="146" toId="36">
</dataflow>
<dataflow id="160" from="empty_2" to="specinterface_ln10" fromId="159" toId="36">
</dataflow>
<dataflow id="161" from="StgValue_146" to="specinterface_ln10" fromId="146" toId="36">
</dataflow>
<dataflow id="162" from="StgValue_146" to="specinterface_ln10" fromId="146" toId="36">
</dataflow>
<dataflow id="163" from="empty_0" to="specinterface_ln10" fromId="150" toId="36">
</dataflow>
<dataflow id="164" from="StgValue_146" to="specinterface_ln10" fromId="146" toId="36">
</dataflow>
<dataflow id="165" from="StgValue_146" to="specinterface_ln10" fromId="146" toId="36">
</dataflow>
<dataflow id="166" from="empty_0" to="specinterface_ln10" fromId="150" toId="36">
</dataflow>
<dataflow id="167" from="empty_0" to="specinterface_ln10" fromId="150" toId="36">
</dataflow>
<dataflow id="168" from="empty_0" to="specinterface_ln10" fromId="150" toId="36">
</dataflow>
<dataflow id="169" from="StgValue_146" to="specinterface_ln10" fromId="146" toId="36">
</dataflow>
<dataflow id="170" from="StgValue_146" to="specinterface_ln10" fromId="146" toId="36">
</dataflow>
<dataflow id="171" from="StgValue_146" to="specinterface_ln10" fromId="146" toId="36">
</dataflow>
<dataflow id="172" from="StgValue_146" to="specinterface_ln10" fromId="146" toId="36">
</dataflow>
<dataflow id="173" from="empty_0" to="specinterface_ln10" fromId="150" toId="36">
</dataflow>
<dataflow id="174" from="empty_0" to="specinterface_ln10" fromId="150" toId="36">
</dataflow>
<dataflow id="175" from="StgValue_144" to="specinterface_ln10" fromId="144" toId="36">
</dataflow>
<dataflow id="176" from="StgValue_146" to="specinterface_ln10" fromId="146" toId="36">
</dataflow>
<dataflow id="178" from="_ssdm_op_SpecBitsMap" to="specbitsmap_ln0" fromId="177" toId="37">
</dataflow>
<dataflow id="179" from="refresh_signal" to="specbitsmap_ln0" fromId="61" toId="37">
</dataflow>
<dataflow id="180" from="_ssdm_op_SpecInterface" to="specinterface_ln0" fromId="156" toId="38">
</dataflow>
<dataflow id="181" from="refresh_signal" to="specinterface_ln0" fromId="61" toId="38">
</dataflow>
<dataflow id="183" from="empty" to="specinterface_ln0" fromId="182" toId="38">
</dataflow>
<dataflow id="184" from="StgValue_146" to="specinterface_ln0" fromId="146" toId="38">
</dataflow>
<dataflow id="185" from="StgValue_146" to="specinterface_ln0" fromId="146" toId="38">
</dataflow>
<dataflow id="186" from="empty_0" to="specinterface_ln0" fromId="150" toId="38">
</dataflow>
<dataflow id="187" from="StgValue_146" to="specinterface_ln0" fromId="146" toId="38">
</dataflow>
<dataflow id="188" from="StgValue_146" to="specinterface_ln0" fromId="146" toId="38">
</dataflow>
<dataflow id="189" from="empty_0" to="specinterface_ln0" fromId="150" toId="38">
</dataflow>
<dataflow id="190" from="empty_0" to="specinterface_ln0" fromId="150" toId="38">
</dataflow>
<dataflow id="191" from="empty_0" to="specinterface_ln0" fromId="150" toId="38">
</dataflow>
<dataflow id="192" from="StgValue_146" to="specinterface_ln0" fromId="146" toId="38">
</dataflow>
<dataflow id="193" from="StgValue_146" to="specinterface_ln0" fromId="146" toId="38">
</dataflow>
<dataflow id="194" from="StgValue_146" to="specinterface_ln0" fromId="146" toId="38">
</dataflow>
<dataflow id="195" from="StgValue_146" to="specinterface_ln0" fromId="146" toId="38">
</dataflow>
<dataflow id="196" from="empty_0" to="specinterface_ln0" fromId="150" toId="38">
</dataflow>
<dataflow id="197" from="empty_0" to="specinterface_ln0" fromId="150" toId="38">
</dataflow>
<dataflow id="198" from="StgValue_144" to="specinterface_ln0" fromId="144" toId="38">
</dataflow>
<dataflow id="199" from="StgValue_146" to="specinterface_ln0" fromId="146" toId="38">
</dataflow>
<dataflow id="200" from="_ssdm_op_SpecBitsMap" to="specbitsmap_ln0" fromId="177" toId="39">
</dataflow>
<dataflow id="201" from="digit1" to="specbitsmap_ln0" fromId="62" toId="39">
</dataflow>
<dataflow id="202" from="_ssdm_op_SpecInterface" to="specinterface_ln0" fromId="156" toId="40">
</dataflow>
<dataflow id="203" from="digit1" to="specinterface_ln0" fromId="62" toId="40">
</dataflow>
<dataflow id="204" from="empty" to="specinterface_ln0" fromId="182" toId="40">
</dataflow>
<dataflow id="205" from="StgValue_146" to="specinterface_ln0" fromId="146" toId="40">
</dataflow>
<dataflow id="206" from="StgValue_146" to="specinterface_ln0" fromId="146" toId="40">
</dataflow>
<dataflow id="207" from="empty_0" to="specinterface_ln0" fromId="150" toId="40">
</dataflow>
<dataflow id="208" from="StgValue_146" to="specinterface_ln0" fromId="146" toId="40">
</dataflow>
<dataflow id="209" from="StgValue_146" to="specinterface_ln0" fromId="146" toId="40">
</dataflow>
<dataflow id="210" from="empty_0" to="specinterface_ln0" fromId="150" toId="40">
</dataflow>
<dataflow id="211" from="empty_0" to="specinterface_ln0" fromId="150" toId="40">
</dataflow>
<dataflow id="212" from="empty_0" to="specinterface_ln0" fromId="150" toId="40">
</dataflow>
<dataflow id="213" from="StgValue_146" to="specinterface_ln0" fromId="146" toId="40">
</dataflow>
<dataflow id="214" from="StgValue_146" to="specinterface_ln0" fromId="146" toId="40">
</dataflow>
<dataflow id="215" from="StgValue_146" to="specinterface_ln0" fromId="146" toId="40">
</dataflow>
<dataflow id="216" from="StgValue_146" to="specinterface_ln0" fromId="146" toId="40">
</dataflow>
<dataflow id="217" from="empty_0" to="specinterface_ln0" fromId="150" toId="40">
</dataflow>
<dataflow id="218" from="empty_0" to="specinterface_ln0" fromId="150" toId="40">
</dataflow>
<dataflow id="219" from="StgValue_144" to="specinterface_ln0" fromId="144" toId="40">
</dataflow>
<dataflow id="220" from="StgValue_146" to="specinterface_ln0" fromId="146" toId="40">
</dataflow>
<dataflow id="221" from="_ssdm_op_SpecBitsMap" to="specbitsmap_ln0" fromId="177" toId="41">
</dataflow>
<dataflow id="222" from="digit2" to="specbitsmap_ln0" fromId="63" toId="41">
</dataflow>
<dataflow id="223" from="_ssdm_op_SpecInterface" to="specinterface_ln0" fromId="156" toId="42">
</dataflow>
<dataflow id="224" from="digit2" to="specinterface_ln0" fromId="63" toId="42">
</dataflow>
<dataflow id="225" from="empty" to="specinterface_ln0" fromId="182" toId="42">
</dataflow>
<dataflow id="226" from="StgValue_146" to="specinterface_ln0" fromId="146" toId="42">
</dataflow>
<dataflow id="227" from="StgValue_146" to="specinterface_ln0" fromId="146" toId="42">
</dataflow>
<dataflow id="228" from="empty_0" to="specinterface_ln0" fromId="150" toId="42">
</dataflow>
<dataflow id="229" from="StgValue_146" to="specinterface_ln0" fromId="146" toId="42">
</dataflow>
<dataflow id="230" from="StgValue_146" to="specinterface_ln0" fromId="146" toId="42">
</dataflow>
<dataflow id="231" from="empty_0" to="specinterface_ln0" fromId="150" toId="42">
</dataflow>
<dataflow id="232" from="empty_0" to="specinterface_ln0" fromId="150" toId="42">
</dataflow>
<dataflow id="233" from="empty_0" to="specinterface_ln0" fromId="150" toId="42">
</dataflow>
<dataflow id="234" from="StgValue_146" to="specinterface_ln0" fromId="146" toId="42">
</dataflow>
<dataflow id="235" from="StgValue_146" to="specinterface_ln0" fromId="146" toId="42">
</dataflow>
<dataflow id="236" from="StgValue_146" to="specinterface_ln0" fromId="146" toId="42">
</dataflow>
<dataflow id="237" from="StgValue_146" to="specinterface_ln0" fromId="146" toId="42">
</dataflow>
<dataflow id="238" from="empty_0" to="specinterface_ln0" fromId="150" toId="42">
</dataflow>
<dataflow id="239" from="empty_0" to="specinterface_ln0" fromId="150" toId="42">
</dataflow>
<dataflow id="240" from="StgValue_144" to="specinterface_ln0" fromId="144" toId="42">
</dataflow>
<dataflow id="241" from="StgValue_146" to="specinterface_ln0" fromId="146" toId="42">
</dataflow>
<dataflow id="242" from="_ssdm_op_SpecBitsMap" to="specbitsmap_ln0" fromId="177" toId="43">
</dataflow>
<dataflow id="243" from="seg_7_data" to="specbitsmap_ln0" fromId="64" toId="43">
</dataflow>
<dataflow id="244" from="_ssdm_op_SpecInterface" to="specinterface_ln0" fromId="156" toId="44">
</dataflow>
<dataflow id="245" from="seg_7_data" to="specinterface_ln0" fromId="64" toId="44">
</dataflow>
<dataflow id="246" from="empty" to="specinterface_ln0" fromId="182" toId="44">
</dataflow>
<dataflow id="247" from="StgValue_146" to="specinterface_ln0" fromId="146" toId="44">
</dataflow>
<dataflow id="248" from="StgValue_146" to="specinterface_ln0" fromId="146" toId="44">
</dataflow>
<dataflow id="249" from="empty_0" to="specinterface_ln0" fromId="150" toId="44">
</dataflow>
<dataflow id="250" from="StgValue_146" to="specinterface_ln0" fromId="146" toId="44">
</dataflow>
<dataflow id="251" from="StgValue_146" to="specinterface_ln0" fromId="146" toId="44">
</dataflow>
<dataflow id="252" from="empty_0" to="specinterface_ln0" fromId="150" toId="44">
</dataflow>
<dataflow id="253" from="empty_0" to="specinterface_ln0" fromId="150" toId="44">
</dataflow>
<dataflow id="254" from="empty_0" to="specinterface_ln0" fromId="150" toId="44">
</dataflow>
<dataflow id="255" from="StgValue_146" to="specinterface_ln0" fromId="146" toId="44">
</dataflow>
<dataflow id="256" from="StgValue_146" to="specinterface_ln0" fromId="146" toId="44">
</dataflow>
<dataflow id="257" from="StgValue_146" to="specinterface_ln0" fromId="146" toId="44">
</dataflow>
<dataflow id="258" from="StgValue_146" to="specinterface_ln0" fromId="146" toId="44">
</dataflow>
<dataflow id="259" from="empty_0" to="specinterface_ln0" fromId="150" toId="44">
</dataflow>
<dataflow id="260" from="empty_0" to="specinterface_ln0" fromId="150" toId="44">
</dataflow>
<dataflow id="261" from="StgValue_144" to="specinterface_ln0" fromId="144" toId="44">
</dataflow>
<dataflow id="262" from="StgValue_146" to="specinterface_ln0" fromId="146" toId="44">
</dataflow>
<dataflow id="263" from="_ssdm_op_SpecBitsMap" to="specbitsmap_ln0" fromId="177" toId="45">
</dataflow>
<dataflow id="264" from="seg_7_enable" to="specbitsmap_ln0" fromId="65" toId="45">
</dataflow>
<dataflow id="265" from="_ssdm_op_SpecInterface" to="specinterface_ln0" fromId="156" toId="46">
</dataflow>
<dataflow id="266" from="seg_7_enable" to="specinterface_ln0" fromId="65" toId="46">
</dataflow>
<dataflow id="267" from="empty" to="specinterface_ln0" fromId="182" toId="46">
</dataflow>
<dataflow id="268" from="StgValue_146" to="specinterface_ln0" fromId="146" toId="46">
</dataflow>
<dataflow id="269" from="StgValue_146" to="specinterface_ln0" fromId="146" toId="46">
</dataflow>
<dataflow id="270" from="empty_0" to="specinterface_ln0" fromId="150" toId="46">
</dataflow>
<dataflow id="271" from="StgValue_146" to="specinterface_ln0" fromId="146" toId="46">
</dataflow>
<dataflow id="272" from="StgValue_146" to="specinterface_ln0" fromId="146" toId="46">
</dataflow>
<dataflow id="273" from="empty_0" to="specinterface_ln0" fromId="150" toId="46">
</dataflow>
<dataflow id="274" from="empty_0" to="specinterface_ln0" fromId="150" toId="46">
</dataflow>
<dataflow id="275" from="empty_0" to="specinterface_ln0" fromId="150" toId="46">
</dataflow>
<dataflow id="276" from="StgValue_146" to="specinterface_ln0" fromId="146" toId="46">
</dataflow>
<dataflow id="277" from="StgValue_146" to="specinterface_ln0" fromId="146" toId="46">
</dataflow>
<dataflow id="278" from="StgValue_146" to="specinterface_ln0" fromId="146" toId="46">
</dataflow>
<dataflow id="279" from="StgValue_146" to="specinterface_ln0" fromId="146" toId="46">
</dataflow>
<dataflow id="280" from="empty_0" to="specinterface_ln0" fromId="150" toId="46">
</dataflow>
<dataflow id="281" from="empty_0" to="specinterface_ln0" fromId="150" toId="46">
</dataflow>
<dataflow id="282" from="StgValue_144" to="specinterface_ln0" fromId="144" toId="46">
</dataflow>
<dataflow id="283" from="StgValue_146" to="specinterface_ln0" fromId="146" toId="46">
</dataflow>
<dataflow id="284" from="icmp_ln34_2" to="select_ln34" fromId="9" toId="47">
</dataflow>
<dataflow id="286" from="StgValue_285" to="select_ln34" fromId="285" toId="47">
</dataflow>
<dataflow id="288" from="StgValue_287" to="select_ln34" fromId="287" toId="47">
</dataflow>
<dataflow id="289" from="icmp_ln34_2" to="or_ln34" fromId="9" toId="48">
</dataflow>
<dataflow id="290" from="icmp_ln34_1" to="or_ln34" fromId="8" toId="48">
</dataflow>
<dataflow id="291" from="icmp_ln34" to="select_ln34_1" fromId="7" toId="49">
</dataflow>
<dataflow id="293" from="StgValue_292" to="select_ln34_1" fromId="292" toId="49">
</dataflow>
<dataflow id="295" from="StgValue_294" to="select_ln34_1" fromId="294" toId="49">
</dataflow>
<dataflow id="296" from="or_ln34" to="seg_7_enable_local" fromId="48" toId="50">
</dataflow>
<dataflow id="297" from="select_ln34" to="seg_7_enable_local" fromId="47" toId="50">
</dataflow>
<dataflow id="298" from="select_ln34_1" to="seg_7_enable_local" fromId="49" toId="50">
</dataflow>
<dataflow id="299" from="and_ln11_1" to="or_ln11" fromId="12" toId="51">
</dataflow>
<dataflow id="300" from="and_ln11" to="or_ln11" fromId="10" toId="51">
</dataflow>
<dataflow id="301" from="seg_7_code_V_addr" to="seg_7_code_V_load" fromId="19" toId="52">
</dataflow>
<dataflow id="302" from="icmp_ln34_2" to="or_ln11_1" fromId="9" toId="53">
</dataflow>
<dataflow id="303" from="or_ln11" to="or_ln11_1" fromId="51" toId="53">
</dataflow>
<dataflow id="304" from="or_ln11_1" to="seg_7_data_local" fromId="53" toId="54">
</dataflow>
<dataflow id="305" from="seg_7_code_V_load" to="seg_7_data_local" fromId="52" toId="54">
</dataflow>
<dataflow id="307" from="StgValue_306" to="seg_7_data_local" fromId="306" toId="54">
</dataflow>
<dataflow id="309" from="_ssdm_op_Write.ap_none.i8P0A" to="write_ln93" fromId="308" toId="55">
</dataflow>
<dataflow id="310" from="seg_7_data" to="write_ln93" fromId="64" toId="55">
</dataflow>
<dataflow id="311" from="seg_7_data_local" to="write_ln93" fromId="54" toId="55">
</dataflow>
<dataflow id="313" from="_ssdm_op_Write.ap_none.i4P0A" to="write_ln94" fromId="312" toId="56">
</dataflow>
<dataflow id="314" from="seg_7_enable" to="write_ln94" fromId="65" toId="56">
</dataflow>
<dataflow id="315" from="seg_7_enable_local" to="write_ln94" fromId="50" toId="56">
</dataflow>
</dataflows>


</stg>
