<?xml version="1.0" encoding="utf-8"?>
<Messages>
	<Message severity="INFO" prefix="[HLS 200-111]" key="HLS_111_966" tag="RUNTIME" content="Finished File checks and directory preparation: CPU user time: 0 seconds. CPU system time: 0 seconds. Elapsed time: 10.033 seconds; current allocated memory: 677.723 MB." resolution=""/>
	<Message severity="INFO" prefix="[HLS 200-10]" key="HLS_10_1312" tag="" content="Analyzing design file &apos;BinToDec/BinToBcd.cpp&apos; ..." resolution=""/>
	<Message severity="INFO" prefix="[HLS 200-111]" key="HLS_111_966" tag="RUNTIME" content="Finished Source Code Analysis and Preprocessing: CPU user time: 0 seconds. CPU system time: 0 seconds. Elapsed time: 4.735 seconds; current allocated memory: 678.605 MB." resolution=""/>
	<Message severity="INFO" prefix="[HLS 200-777]" key="HLS 200-777" tag="" content="Using interface defaults for &apos;Vivado&apos; flow target." resolution=""/>
	<Message severity="INFO" prefix="[HLS 214-131]" key="HLS 214-131" tag="" content="Inlining function &apos;ssdm_int&lt;32, true&gt;::ssdm_int(int)&apos; into &apos;ap_int_base&lt;32, true&gt;::ap_int_base(int)&apos; (D:/Aplicatii/Vitis/Vitis_HLS/2022.2/common/technology/autopilot\ap_int_base.h:214:67)" resolution=""/>
	<Message severity="INFO" prefix="[HLS 214-131]" key="HLS 214-131" tag="" content="Inlining function &apos;_ZN8ssdm_intILi9ELb1EEC2EDq9_i&apos; into &apos;ap_int_base&lt;9, true&gt;::ap_int_base(int)&apos; (D:/Aplicatii/Vitis/Vitis_HLS/2022.2/common/technology/autopilot\ap_int_base.h:214:67)" resolution=""/>
	<Message severity="INFO" prefix="[HLS 214-131]" key="HLS 214-131" tag="" content="Inlining function &apos;ap_int_base&lt;9, true&gt;::ap_int_base(int)&apos; into &apos;ap_int_base&lt;8, false&gt;::RType&lt;32, true&gt;::div operator/&lt;8, false, 32, true&gt;(ap_int_base&lt;8, false&gt; const&amp;, ap_int_base&lt;32, true&gt; const&amp;)&apos; (D:/Aplicatii/Vitis/Vitis_HLS/2022.2/common/technology/autopilot\ap_int_base.h:1513:337)" resolution=""/>
	<Message severity="INFO" prefix="[HLS 214-131]" key="HLS 214-131" tag="" content="Inlining function &apos;ap_int_base&lt;32, true&gt;::ap_int_base(int)&apos; into &apos;ap_int_base&lt;8, false&gt;::RType&lt;($_0)32, true&gt;::div operator/&lt;8, false&gt;(ap_int_base&lt;8, false&gt; const&amp;, int)&apos; (D:/Aplicatii/Vitis/Vitis_HLS/2022.2/common/technology/autopilot\ap_int_base.h:1633:2052)" resolution=""/>
	<Message severity="INFO" prefix="[HLS 214-131]" key="HLS 214-131" tag="" content="Inlining function &apos;ap_int_base&lt;8, false&gt;::RType&lt;32, true&gt;::div operator/&lt;8, false, 32, true&gt;(ap_int_base&lt;8, false&gt; const&amp;, ap_int_base&lt;32, true&gt; const&amp;)&apos; into &apos;ap_int_base&lt;8, false&gt;::RType&lt;($_0)32, true&gt;::div operator/&lt;8, false&gt;(ap_int_base&lt;8, false&gt; const&amp;, int)&apos; (D:/Aplicatii/Vitis/Vitis_HLS/2022.2/common/technology/autopilot\ap_int_base.h:1633:2050)" resolution=""/>
	<Message severity="INFO" prefix="[HLS 214-131]" key="HLS 214-131" tag="" content="Inlining function &apos;_ZN8ssdm_intILi4ELb0EEC2EDq4_j&apos; into &apos;ap_int_base&lt;4, false&gt;::ap_int_base&lt;9, true&gt;(ap_int_base&lt;9, true&gt; const&amp;)&apos; (D:/Aplicatii/Vitis/Vitis_HLS/2022.2/common/technology/autopilot\ap_int_base.h:185:106)" resolution=""/>
	<Message severity="INFO" prefix="[HLS 214-131]" key="HLS 214-131" tag="" content="Inlining function &apos;ap_int_base&lt;4, false&gt;::ap_int_base&lt;9, true&gt;(ap_int_base&lt;9, true&gt; const&amp;)&apos; into &apos;ap_uint&lt;4&gt;::ap_uint&lt;9&gt;(ap_int&lt;9&gt; const&amp;)&apos;" resolution=""/>
	<Message severity="INFO" prefix="[HLS 214-131]" key="HLS 214-131" tag="" content="Inlining function &apos;_ZN8ssdm_intILi36ELb1EEC2EDq36_i&apos; into &apos;ap_int_base&lt;36, true&gt;::ap_int_base&lt;4, false&gt;(ap_int_base&lt;4, false&gt; const&amp;)&apos; (D:/Aplicatii/Vitis/Vitis_HLS/2022.2/common/technology/autopilot\ap_int_base.h:185:106)" resolution=""/>
	<Message severity="INFO" prefix="[HLS 214-131]" key="HLS 214-131" tag="" content="Inlining function &apos;_ZN8ssdm_intILi36ELb1EEC2EDq36_i&apos; into &apos;ap_int_base&lt;36, true&gt;::ap_int_base&lt;32, true&gt;(ap_int_base&lt;32, true&gt; const&amp;)&apos; (D:/Aplicatii/Vitis/Vitis_HLS/2022.2/common/technology/autopilot\ap_int_base.h:185:106)" resolution=""/>
	<Message severity="INFO" prefix="[HLS 214-131]" key="HLS 214-131" tag="" content="Inlining function &apos;_ZN8ssdm_intILi36ELb1EEC2EDq36_i&apos; into &apos;ap_int_base&lt;36, true&gt;::ap_int_base(int)&apos; (D:/Aplicatii/Vitis/Vitis_HLS/2022.2/common/technology/autopilot\ap_int_base.h:214:67)" resolution=""/>
	<Message severity="INFO" prefix="[HLS 214-131]" key="HLS 214-131" tag="" content="Inlining function &apos;ap_int_base&lt;36, true&gt;::ap_int_base&lt;4, false&gt;(ap_int_base&lt;4, false&gt; const&amp;)&apos; into &apos;ap_int_base&lt;4, false&gt;::RType&lt;32, true&gt;::mult operator*&lt;4, false, 32, true&gt;(ap_int_base&lt;4, false&gt; const&amp;, ap_int_base&lt;32, true&gt; const&amp;)&apos; (D:/Aplicatii/Vitis/Vitis_HLS/2022.2/common/technology/autopilot\ap_int_base.h:1494:339)" resolution=""/>
	<Message severity="INFO" prefix="[HLS 214-131]" key="HLS 214-131" tag="" content="Inlining function &apos;ap_int_base&lt;36, true&gt;::ap_int_base(int)&apos; into &apos;ap_int_base&lt;4, false&gt;::RType&lt;32, true&gt;::mult operator*&lt;4, false, 32, true&gt;(ap_int_base&lt;4, false&gt; const&amp;, ap_int_base&lt;32, true&gt; const&amp;)&apos; (D:/Aplicatii/Vitis/Vitis_HLS/2022.2/common/technology/autopilot\ap_int_base.h:1494:516)" resolution=""/>
	<Message severity="INFO" prefix="[HLS 214-131]" key="HLS 214-131" tag="" content="Inlining function &apos;ap_int_base&lt;36, true&gt;::ap_int_base&lt;32, true&gt;(ap_int_base&lt;32, true&gt; const&amp;)&apos; into &apos;ap_int_base&lt;4, false&gt;::RType&lt;32, true&gt;::mult operator*&lt;4, false, 32, true&gt;(ap_int_base&lt;4, false&gt; const&amp;, ap_int_base&lt;32, true&gt; const&amp;)&apos; (D:/Aplicatii/Vitis/Vitis_HLS/2022.2/common/technology/autopilot\ap_int_base.h:1494:427)" resolution=""/>
	<Message severity="INFO" prefix="[HLS 214-131]" key="HLS 214-131" tag="" content="Inlining function &apos;ap_int_base&lt;32, true&gt;::ap_int_base(int)&apos; into &apos;ap_int_base&lt;4, false&gt;::RType&lt;($_0)32, true&gt;::mult operator*&lt;4, false&gt;(ap_int_base&lt;4, false&gt; const&amp;, int)&apos; (D:/Aplicatii/Vitis/Vitis_HLS/2022.2/common/technology/autopilot\ap_int_base.h:1633:483)" resolution=""/>
	<Message severity="INFO" prefix="[HLS 214-131]" key="HLS 214-131" tag="" content="Inlining function &apos;ap_int_base&lt;4, false&gt;::RType&lt;32, true&gt;::mult operator*&lt;4, false, 32, true&gt;(ap_int_base&lt;4, false&gt; const&amp;, ap_int_base&lt;32, true&gt; const&amp;)&apos; into &apos;ap_int_base&lt;4, false&gt;::RType&lt;($_0)32, true&gt;::mult operator*&lt;4, false&gt;(ap_int_base&lt;4, false&gt; const&amp;, int)&apos; (D:/Aplicatii/Vitis/Vitis_HLS/2022.2/common/technology/autopilot\ap_int_base.h:1633:481)" resolution=""/>
	<Message severity="INFO" prefix="[HLS 214-131]" key="HLS 214-131" tag="" content="Inlining function &apos;_ZN8ssdm_intILi37ELb1EEC2EDq37_i&apos; into &apos;ap_int_base&lt;37, true&gt;::ap_int_base&lt;8, false&gt;(ap_int_base&lt;8, false&gt; const&amp;)&apos; (D:/Aplicatii/Vitis/Vitis_HLS/2022.2/common/technology/autopilot\ap_int_base.h:185:106)" resolution=""/>
	<Message severity="INFO" prefix="[HLS 214-131]" key="HLS 214-131" tag="" content="Inlining function &apos;_ZN8ssdm_intILi37ELb1EEC2EDq37_i&apos; into &apos;ap_int_base&lt;37, true&gt;::ap_int_base&lt;36, true&gt;(ap_int_base&lt;36, true&gt; const&amp;)&apos; (D:/Aplicatii/Vitis/Vitis_HLS/2022.2/common/technology/autopilot\ap_int_base.h:185:106)" resolution=""/>
	<Message severity="INFO" prefix="[HLS 214-131]" key="HLS 214-131" tag="" content="Inlining function &apos;_ZN8ssdm_intILi37ELb1EEC2EDq37_i&apos; into &apos;ap_int_base&lt;37, true&gt;::ap_int_base(int)&apos; (D:/Aplicatii/Vitis/Vitis_HLS/2022.2/common/technology/autopilot\ap_int_base.h:214:67)" resolution=""/>
	<Message severity="INFO" prefix="[HLS 214-131]" key="HLS 214-131" tag="" content="Inlining function &apos;ap_int_base&lt;37, true&gt;::ap_int_base&lt;8, false&gt;(ap_int_base&lt;8, false&gt; const&amp;)&apos; into &apos;ap_int_base&lt;8, false&gt;::RType&lt;36, true&gt;::minus operator-&lt;8, false, 36, true&gt;(ap_int_base&lt;8, false&gt; const&amp;, ap_int_base&lt;36, true&gt; const&amp;)&apos; (D:/Aplicatii/Vitis/Vitis_HLS/2022.2/common/technology/autopilot\ap_int_base.h:1496:341)" resolution=""/>
	<Message severity="INFO" prefix="[HLS 214-131]" key="HLS 214-131" tag="" content="Inlining function &apos;ap_int_base&lt;37, true&gt;::ap_int_base(int)&apos; into &apos;ap_int_base&lt;8, false&gt;::RType&lt;36, true&gt;::minus operator-&lt;8, false, 36, true&gt;(ap_int_base&lt;8, false&gt; const&amp;, ap_int_base&lt;36, true&gt; const&amp;)&apos; (D:/Aplicatii/Vitis/Vitis_HLS/2022.2/common/technology/autopilot\ap_int_base.h:1496:520)" resolution=""/>
	<Message severity="INFO" prefix="[HLS 214-131]" key="HLS 214-131" tag="" content="Inlining function &apos;ap_int_base&lt;37, true&gt;::ap_int_base&lt;36, true&gt;(ap_int_base&lt;36, true&gt; const&amp;)&apos; into &apos;ap_int_base&lt;8, false&gt;::RType&lt;36, true&gt;::minus operator-&lt;8, false, 36, true&gt;(ap_int_base&lt;8, false&gt; const&amp;, ap_int_base&lt;36, true&gt; const&amp;)&apos; (D:/Aplicatii/Vitis/Vitis_HLS/2022.2/common/technology/autopilot\ap_int_base.h:1496:430)" resolution=""/>
	<Message severity="INFO" prefix="[HLS 214-131]" key="HLS 214-131" tag="" content="Inlining function &apos;_ZN8ssdm_intILi4ELb0EEC2EDq4_j&apos; into &apos;ap_int_base&lt;4, false&gt;::ap_int_base&lt;37, true&gt;(ap_int_base&lt;37, true&gt; const&amp;)&apos; (D:/Aplicatii/Vitis/Vitis_HLS/2022.2/common/technology/autopilot\ap_int_base.h:185:106)" resolution=""/>
	<Message severity="INFO" prefix="[HLS 214-131]" key="HLS 214-131" tag="" content="Inlining function &apos;ap_int_base&lt;4, false&gt;::ap_int_base&lt;37, true&gt;(ap_int_base&lt;37, true&gt; const&amp;)&apos; into &apos;ap_uint&lt;4&gt;::ap_uint&lt;37&gt;(ap_int&lt;37&gt; const&amp;)&apos;" resolution=""/>
	<Message severity="INFO" prefix="[HLS 214-131]" key="HLS 214-131" tag="" content="Inlining function &apos;ap_int_base&lt;8, false&gt;::RType&lt;($_0)32, true&gt;::div operator/&lt;8, false&gt;(ap_int_base&lt;8, false&gt; const&amp;, int)&apos; into &apos;BinToBcd(ap_uint&lt;8&gt;, ap_uint&lt;4&gt;&amp;, ap_uint&lt;4&gt;&amp;)&apos; (BinToDec/BinToBcd.cpp:29:27)" resolution=""/>
	<Message severity="INFO" prefix="[HLS 214-131]" key="HLS 214-131" tag="" content="Inlining function &apos;ap_int_base&lt;8, false&gt;::RType&lt;36, true&gt;::minus operator-&lt;8, false, 36, true&gt;(ap_int_base&lt;8, false&gt; const&amp;, ap_int_base&lt;36, true&gt; const&amp;)&apos; into &apos;BinToBcd(ap_uint&lt;8&gt;, ap_uint&lt;4&gt;&amp;, ap_uint&lt;4&gt;&amp;)&apos; (BinToDec/BinToBcd.cpp:31:31)" resolution=""/>
	<Message severity="INFO" prefix="[HLS 214-131]" key="HLS 214-131" tag="" content="Inlining function &apos;ap_int_base&lt;4, false&gt;::RType&lt;($_0)32, true&gt;::mult operator*&lt;4, false&gt;(ap_int_base&lt;4, false&gt; const&amp;, int)&apos; into &apos;BinToBcd(ap_uint&lt;8&gt;, ap_uint&lt;4&gt;&amp;, ap_uint&lt;4&gt;&amp;)&apos; (BinToDec/BinToBcd.cpp:31:37)" resolution=""/>
	<Message severity="INFO" prefix="[HLS 200-111]" key="HLS_111_966" tag="RUNTIME" content="Finished Compiling Optimization and Transform: CPU user time: 1 seconds. CPU system time: 0 seconds. Elapsed time: 5.425 seconds; current allocated memory: 679.504 MB." resolution=""/>
	<Message severity="INFO" prefix="[HLS 200-111]" key="HLS_111_966" tag="RUNTIME" content="Finished Checking Pragmas: CPU user time: 0 seconds. CPU system time: 0 seconds. Elapsed time: 0.001 seconds; current allocated memory: 679.504 MB." resolution=""/>
	<Message severity="INFO" prefix="[HLS 200-10]" key="HLS_10_1467" tag="" content="Starting code transformations ..." resolution=""/>
	<Message severity="INFO" prefix="[HLS 200-111]" key="HLS_111_966" tag="RUNTIME" content="Finished Standard Transforms: CPU user time: 0 seconds. CPU system time: 0 seconds. Elapsed time: 0.132 seconds; current allocated memory: 689.527 MB." resolution=""/>
	<Message severity="INFO" prefix="[HLS 200-10]" key="HLS_10_1472" tag="" content="Checking synthesizability ..." resolution=""/>
	<Message severity="INFO" prefix="[HLS 200-111]" key="HLS_111_966" tag="RUNTIME" content="Finished Checking Synthesizability: CPU user time: 0 seconds. CPU system time: 0 seconds. Elapsed time: 0.109 seconds; current allocated memory: 699.293 MB." resolution=""/>
	<Message severity="INFO" prefix="[HLS 200-111]" key="HLS_111_966" tag="RUNTIME" content="Finished Loop, function and other optimizations: CPU user time: 0 seconds. CPU system time: 0 seconds. Elapsed time: 0.19 seconds; current allocated memory: 726.922 MB." resolution=""/>
	<Message severity="INFO" prefix="[HLS 200-111]" key="HLS_111_966" tag="RUNTIME" content="Finished Architecture Synthesis: CPU user time: 0 seconds. CPU system time: 0 seconds. Elapsed time: 0.07 seconds; current allocated memory: 729.719 MB." resolution=""/>
	<Message severity="INFO" prefix="[HLS 200-10]" key="HLS_10_1317" tag="" content="Starting hardware synthesis ..." resolution=""/>
	<Message severity="INFO" prefix="[HLS 200-10]" key="HLS_10_1385" tag="" content="Synthesizing &apos;BinToBcd&apos; ..." resolution=""/>
	<Message severity="INFO" prefix="[HLS 200-10]" key="HLS_10_1477" tag="" content="----------------------------------------------------------------" resolution=""/>
	<Message severity="INFO" prefix="[HLS 200-42]" key="HLS_42_1438" tag="" content="-- Implementing module &apos;BinToBcd&apos;" resolution=""/>
	<Message severity="INFO" prefix="[HLS 200-10]" key="HLS_10_1478" tag="" content="----------------------------------------------------------------" resolution=""/>
	<Message severity="INFO" prefix="[SCHED 204-11]" key="SCHED_SCHED_STATUS_597" tag="" content="Starting scheduling ..." resolution=""/>
	<Message severity="INFO" prefix="[SCHED 204-61]" key="SCHED_PIPELINING_STATUS_46" tag="" content="Pipelining function &apos;BinToBcd&apos;." resolution=""/>
	<Message severity="INFO" prefix="[HLS 200-1470]" key="HLS 200-1470" tag="SCHEDULE,VITIS_THROUGHPUT" content="Pipelining result : Target II = NA, Final II = 1, Depth = 1, function &apos;BinToBcd&apos;" resolution=""/>
	<Message severity="INFO" prefix="[SCHED 204-11]" key="SCHED_SCHED_STATUS_596" tag="" content="Finished scheduling." resolution=""/>
	<Message severity="INFO" prefix="[HLS 200-111]" key="HLS_111_966" tag="RUNTIME" content="Finished Scheduling: CPU user time: 0 seconds. CPU system time: 0 seconds. Elapsed time: 0.199 seconds; current allocated memory: 729.719 MB." resolution=""/>
	<Message severity="INFO" prefix="[BIND 205-100]" key="BIND_100_926" tag="" content="Starting micro-architecture generation ..." resolution=""/>
	<Message severity="INFO" prefix="[BIND 205-101]" key="BIND_101_698" tag="" content="Performing variable lifetime analysis." resolution=""/>
	<Message severity="INFO" prefix="[BIND 205-101]" key="BIND_101_697" tag="" content="Exploring resource sharing." resolution=""/>
	<Message severity="INFO" prefix="[BIND 205-101]" key="BIND_101_693" tag="" content="Binding ..." resolution=""/>
	<Message severity="INFO" prefix="[BIND 205-100]" key="BIND_100_925" tag="" content="Finished micro-architecture generation." resolution=""/>
	<Message severity="INFO" prefix="[HLS 200-111]" key="HLS_111_966" tag="RUNTIME" content="Finished Binding: CPU user time: 0 seconds. CPU system time: 0 seconds. Elapsed time: 0.059 seconds; current allocated memory: 729.719 MB." resolution=""/>
	<Message severity="INFO" prefix="[HLS 200-10]" key="HLS_10_1483" tag="" content="----------------------------------------------------------------" resolution=""/>
	<Message severity="INFO" prefix="[HLS 200-10]" key="HLS_10_1484" tag="" content="-- Generating RTL for module &apos;BinToBcd&apos;" resolution=""/>
	<Message severity="INFO" prefix="[HLS 200-10]" key="HLS_10_1485" tag="" content="----------------------------------------------------------------" resolution=""/>
	<Message severity="INFO" prefix="[RTGEN 206-500]" key="PREPROC_IO_COMP_CONFLICT_1950" tag="" content="Setting interface mode on port &apos;BinToBcd/switch_input&apos; to &apos;ap_none&apos;." resolution=""/>
	<Message severity="INFO" prefix="[RTGEN 206-500]" key="PREPROC_IO_COMP_CONFLICT_1950" tag="" content="Setting interface mode on port &apos;BinToBcd/bcd_output_digit_1&apos; to &apos;ap_none&apos;." resolution=""/>
	<Message severity="WARNING" prefix="[RTGEN 206-101]" key="RTGEN_101_871" tag="" content="Port &apos;bcd_output_digit_1&apos; with mode &apos;ap_none&apos; may require an associated data valid signal to correctly communicate with other blocks or a test bench; automatic C/RTL co-simulation may not be able to verify such a port." resolution=""/>
	<Message severity="INFO" prefix="[RTGEN 206-500]" key="PREPROC_IO_COMP_CONFLICT_1950" tag="" content="Setting interface mode on port &apos;BinToBcd/bcd_output_digit_2&apos; to &apos;ap_none&apos;." resolution=""/>
	<Message severity="WARNING" prefix="[RTGEN 206-101]" key="RTGEN_101_871" tag="" content="Port &apos;bcd_output_digit_2&apos; with mode &apos;ap_none&apos; may require an associated data valid signal to correctly communicate with other blocks or a test bench; automatic C/RTL co-simulation may not be able to verify such a port." resolution=""/>
	<Message severity="INFO" prefix="[RTGEN 206-500]" key="PREPROC_IO_COMP_CONFLICT_1950" tag="" content="Setting interface mode on function &apos;BinToBcd&apos; to &apos;ap_ctrl_none&apos;." resolution=""/>
	<Message severity="INFO" prefix="[RTGEN 206-100]" key="RTGEN_100_855" tag="" content="Generating core module &apos;mul_8ns_10ns_17_1_1&apos;: 1 instance(s)." resolution=""/>
	<Message severity="INFO" prefix="[RTGEN 206-100]" key="RTGEN_100_856" tag="" content="Finished creating RTL model for &apos;BinToBcd&apos;." resolution=""/>
	<Message severity="INFO" prefix="[HLS 200-111]" key="HLS_111_966" tag="RUNTIME" content="Finished Creating RTL model: CPU user time: 0 seconds. CPU system time: 0 seconds. Elapsed time: 0.118 seconds; current allocated memory: 729.719 MB." resolution=""/>
	<Message severity="INFO" prefix="[HLS 200-111]" key="HLS_111_966" tag="RUNTIME" content="Finished Generating all RTL models: CPU user time: 0 seconds. CPU system time: 0 seconds. Elapsed time: 0.388 seconds; current allocated memory: 734.527 MB." resolution=""/>
	<Message severity="INFO" prefix="[HLS 200-111]" key="HLS_111_966" tag="RUNTIME" content="Finished Updating report files: CPU user time: 1 seconds. CPU system time: 0 seconds. Elapsed time: 0.307 seconds; current allocated memory: 737.199 MB." resolution=""/>
	<Message severity="INFO" prefix="[VHDL 208-304]" key="VHDL_304_1066" tag="" content="Generating VHDL RTL for BinToBcd." resolution=""/>
	<Message severity="INFO" prefix="[VLOG 209-307]" key="VLOG_307_1067" tag="" content="Generating Verilog RTL for BinToBcd." resolution=""/>
	<Message severity="INFO" prefix="[HLS 200-789]" key="HLS 200-789" tag="THROUGHPUT,VITIS_KERNEL" content="**** Estimated Fmax: 126.97 MHz" resolution=""/>
	<Message severity="INFO" prefix="[HLS 200-111]" key="HLS_111_966" tag="RUNTIME" content="Finished Command csynth_design CPU user time: 2 seconds. CPU system time: 0 seconds. Elapsed time: 11.806 seconds; current allocated memory: 59.629 MB." resolution=""/>
</Messages>
