<stg><name>BinToBcd</name>


<trans_list>
</trans_list>



<state_list>

<state id="1" st_id="1">

<operation id="2" st_id="1" stage="1" lat="1">
<core>NULL</core>
<MemPortIdVec></MemPortIdVec>
<condition id="-1">
<or_exp><and_exp></and_exp></or_exp>
</condition>

<Node id="4" bw="0" op_0_bw="0" op_1_bw="32" op_2_bw="32" op_3_bw="32" op_4_bw="32" op_5_bw="0">
<![CDATA[
entry:0 %specpipeline_ln7 = specpipeline void @_ssdm_op_SpecPipeline, i32 4294967295, i32 0, i32 0, i32 0, void @empty_0

]]></Node>
<StgValue><ssdm name="specpipeline_ln7"/></StgValue>
</operation>

<operation id="3" st_id="1" stage="1" lat="1">
<core>NULL</core>
<MemPortIdVec></MemPortIdVec>
<condition id="-1">
<or_exp><and_exp></and_exp></or_exp>
</condition>

<Node id="5" bw="0" op_0_bw="0" op_1_bw="0">
<![CDATA[
entry:1 %spectopmodule_ln4 = spectopmodule void @_ssdm_op_SpecTopModule, void @empty_1

]]></Node>
<StgValue><ssdm name="spectopmodule_ln4"/></StgValue>
</operation>

<operation id="4" st_id="1" stage="1" lat="1">
<core>NULL</core>
<MemPortIdVec></MemPortIdVec>
<condition id="-1">
<or_exp><and_exp></and_exp></or_exp>
</condition>

<Node id="6" bw="0" op_0_bw="0" op_1_bw="32" op_2_bw="0" op_3_bw="32" op_4_bw="32" op_5_bw="0" op_6_bw="32" op_7_bw="32" op_8_bw="0" op_9_bw="0" op_10_bw="0" op_11_bw="32" op_12_bw="32" op_13_bw="32" op_14_bw="32" op_15_bw="0" op_16_bw="0" op_17_bw="32" op_18_bw="32">
<![CDATA[
entry:2 %specinterface_ln4 = specinterface void @_ssdm_op_SpecInterface, i32 0, void @empty_2, i32 0, i32 0, void @empty_0, i32 0, i32 0, void @empty_0, void @empty_0, void @empty_0, i32 0, i32 0, i32 0, i32 0, void @empty_0, void @empty_0, i32 4294967295, i32 0

]]></Node>
<StgValue><ssdm name="specinterface_ln4"/></StgValue>
</operation>

<operation id="5" st_id="1" stage="1" lat="1">
<core>NULL</core>
<MemPortIdVec></MemPortIdVec>
<condition id="-1">
<or_exp><and_exp></and_exp></or_exp>
</condition>

<Node id="7" bw="0" op_0_bw="0" op_1_bw="8">
<![CDATA[
entry:3 %specbitsmap_ln0 = specbitsmap void @_ssdm_op_SpecBitsMap, i8 %switch_input

]]></Node>
<StgValue><ssdm name="specbitsmap_ln0"/></StgValue>
</operation>

<operation id="6" st_id="1" stage="1" lat="1">
<core>NULL</core>
<MemPortIdVec></MemPortIdVec>
<condition id="-1">
<or_exp><and_exp></and_exp></or_exp>
</condition>

<Node id="8" bw="0" op_0_bw="0" op_1_bw="8" op_2_bw="0" op_3_bw="32" op_4_bw="32" op_5_bw="0" op_6_bw="32" op_7_bw="32" op_8_bw="0" op_9_bw="0" op_10_bw="0" op_11_bw="32" op_12_bw="32" op_13_bw="32" op_14_bw="32" op_15_bw="0" op_16_bw="0" op_17_bw="32" op_18_bw="32">
<![CDATA[
entry:4 %specinterface_ln0 = specinterface void @_ssdm_op_SpecInterface, i8 %switch_input, void @empty, i32 0, i32 0, void @empty_0, i32 0, i32 0, void @empty_0, void @empty_0, void @empty_0, i32 0, i32 0, i32 0, i32 0, void @empty_0, void @empty_0, i32 4294967295, i32 0

]]></Node>
<StgValue><ssdm name="specinterface_ln0"/></StgValue>
</operation>

<operation id="7" st_id="1" stage="1" lat="1">
<core>NULL</core>
<MemPortIdVec></MemPortIdVec>
<condition id="-1">
<or_exp><and_exp></and_exp></or_exp>
</condition>

<Node id="9" bw="0" op_0_bw="0" op_1_bw="4">
<![CDATA[
entry:5 %specbitsmap_ln0 = specbitsmap void @_ssdm_op_SpecBitsMap, i4 %bcd_output_digit_1

]]></Node>
<StgValue><ssdm name="specbitsmap_ln0"/></StgValue>
</operation>

<operation id="8" st_id="1" stage="1" lat="1">
<core>NULL</core>
<MemPortIdVec></MemPortIdVec>
<condition id="-1">
<or_exp><and_exp></and_exp></or_exp>
</condition>

<Node id="10" bw="0" op_0_bw="0" op_1_bw="4" op_2_bw="0" op_3_bw="32" op_4_bw="32" op_5_bw="0" op_6_bw="32" op_7_bw="32" op_8_bw="0" op_9_bw="0" op_10_bw="0" op_11_bw="32" op_12_bw="32" op_13_bw="32" op_14_bw="32" op_15_bw="0" op_16_bw="0" op_17_bw="32" op_18_bw="32">
<![CDATA[
entry:6 %specinterface_ln0 = specinterface void @_ssdm_op_SpecInterface, i4 %bcd_output_digit_1, void @empty, i32 0, i32 0, void @empty_0, i32 0, i32 0, void @empty_0, void @empty_0, void @empty_0, i32 0, i32 0, i32 0, i32 0, void @empty_0, void @empty_0, i32 4294967295, i32 0

]]></Node>
<StgValue><ssdm name="specinterface_ln0"/></StgValue>
</operation>

<operation id="9" st_id="1" stage="1" lat="1">
<core>NULL</core>
<MemPortIdVec></MemPortIdVec>
<condition id="-1">
<or_exp><and_exp></and_exp></or_exp>
</condition>

<Node id="11" bw="0" op_0_bw="0" op_1_bw="4">
<![CDATA[
entry:7 %specbitsmap_ln0 = specbitsmap void @_ssdm_op_SpecBitsMap, i4 %bcd_output_digit_2

]]></Node>
<StgValue><ssdm name="specbitsmap_ln0"/></StgValue>
</operation>

<operation id="10" st_id="1" stage="1" lat="1">
<core>NULL</core>
<MemPortIdVec></MemPortIdVec>
<condition id="-1">
<or_exp><and_exp></and_exp></or_exp>
</condition>

<Node id="12" bw="0" op_0_bw="0" op_1_bw="4" op_2_bw="0" op_3_bw="32" op_4_bw="32" op_5_bw="0" op_6_bw="32" op_7_bw="32" op_8_bw="0" op_9_bw="0" op_10_bw="0" op_11_bw="32" op_12_bw="32" op_13_bw="32" op_14_bw="32" op_15_bw="0" op_16_bw="0" op_17_bw="32" op_18_bw="32">
<![CDATA[
entry:8 %specinterface_ln0 = specinterface void @_ssdm_op_SpecInterface, i4 %bcd_output_digit_2, void @empty, i32 0, i32 0, void @empty_0, i32 0, i32 0, void @empty_0, void @empty_0, void @empty_0, i32 0, i32 0, i32 0, i32 0, void @empty_0, void @empty_0, i32 4294967295, i32 0

]]></Node>
<StgValue><ssdm name="specinterface_ln0"/></StgValue>
</operation>

<operation id="11" st_id="1" stage="1" lat="1">
<core>NULL</core>
<MemPortIdVec></MemPortIdVec>
<condition id="-1">
<or_exp><and_exp></and_exp></or_exp>
</condition>

<Node id="13" bw="8" op_0_bw="8" op_1_bw="8">
<![CDATA[
entry:9 %switch_input_read = read i8 @_ssdm_op_Read.ap_none.i8, i8 %switch_input

]]></Node>
<StgValue><ssdm name="switch_input_read"/></StgValue>
</operation>

<operation id="12" st_id="1" stage="1" lat="1">
<core>NULL</core>
<MemPortIdVec></MemPortIdVec>
<condition id="-1">
<or_exp><and_exp></and_exp></or_exp>
</condition>

<Node id="14" bw="17" op_0_bw="8">
<![CDATA[
entry:10 %zext_ln1513 = zext i8 %switch_input_read

]]></Node>
<StgValue><ssdm name="zext_ln1513"/></StgValue>
</operation>

<operation id="13" st_id="1" stage="1" lat="1">
<core>Multiplier</core>
<MemPortIdVec></MemPortIdVec>
<condition id="-1">
<or_exp><and_exp></and_exp></or_exp>
</condition>

<Node id="15" bw="17" op_0_bw="17" op_1_bw="17">
<![CDATA[
entry:11 %mul_ln1513 = mul i17 %zext_ln1513, i17 410

]]></Node>
<StgValue><ssdm name="mul_ln1513"/></StgValue>
</operation>

<operation id="14" st_id="1" stage="1" lat="1">
<core>NULL</core>
<MemPortIdVec></MemPortIdVec>
<condition id="-1">
<or_exp><and_exp></and_exp></or_exp>
</condition>

<Node id="16" bw="4" op_0_bw="4" op_1_bw="17" op_2_bw="32" op_3_bw="32">
<![CDATA[
entry:12 %tens_V = partselect i4 @_ssdm_op_PartSelect.i4.i17.i32.i32, i17 %mul_ln1513, i32 12, i32 15

]]></Node>
<StgValue><ssdm name="tens_V"/></StgValue>
</operation>

<operation id="15" st_id="1" stage="1" lat="1">
<core>NULL</core>
<MemPortIdVec></MemPortIdVec>
<condition id="-1">
<or_exp><and_exp></and_exp></or_exp>
</condition>

<Node id="17" bw="0" op_0_bw="0" op_1_bw="4" op_2_bw="4">
<![CDATA[
entry:13 %write_ln30 = write void @_ssdm_op_Write.ap_none.i4P0A, i4 %bcd_output_digit_1, i4 %tens_V

]]></Node>
<StgValue><ssdm name="write_ln30"/></StgValue>
</operation>

<operation id="16" st_id="1" stage="1" lat="1">
<core>NULL</core>
<MemPortIdVec></MemPortIdVec>
<condition id="-1">
<or_exp><and_exp></and_exp></or_exp>
</condition>

<Node id="18" bw="4" op_0_bw="8">
<![CDATA[
entry:14 %trunc_ln186 = trunc i8 %switch_input_read

]]></Node>
<StgValue><ssdm name="trunc_ln186"/></StgValue>
</operation>

<operation id="17" st_id="1" stage="1" lat="1">
<core>NULL</core>
<MemPortIdVec></MemPortIdVec>
<condition id="-1">
<or_exp><and_exp></and_exp></or_exp>
</condition>

<Node id="19" bw="1" op_0_bw="1" op_1_bw="17" op_2_bw="32">
<![CDATA[
entry:15 %tmp = bitselect i1 @_ssdm_op_BitSelect.i1.i17.i32, i17 %mul_ln1513, i32 12

]]></Node>
<StgValue><ssdm name="tmp"/></StgValue>
</operation>

<operation id="18" st_id="1" stage="1" lat="1">
<core>NULL</core>
<MemPortIdVec></MemPortIdVec>
<condition id="-1">
<or_exp><and_exp></and_exp></or_exp>
</condition>

<Node id="20" bw="4" op_0_bw="4" op_1_bw="1" op_2_bw="3">
<![CDATA[
entry:16 %shl_ln = bitconcatenate i4 @_ssdm_op_BitConcatenate.i4.i1.i3, i1 %tmp, i3 0

]]></Node>
<StgValue><ssdm name="shl_ln"/></StgValue>
</operation>

<operation id="19" st_id="1" stage="1" lat="1">
<core>NULL</core>
<MemPortIdVec></MemPortIdVec>
<condition id="-1">
<or_exp><and_exp></and_exp></or_exp>
</condition>

<Node id="21" bw="3" op_0_bw="3" op_1_bw="17" op_2_bw="32" op_3_bw="32">
<![CDATA[
entry:17 %tmp_1 = partselect i3 @_ssdm_op_PartSelect.i3.i17.i32.i32, i17 %mul_ln1513, i32 12, i32 14

]]></Node>
<StgValue><ssdm name="tmp_1"/></StgValue>
</operation>

<operation id="20" st_id="1" stage="1" lat="1">
<core>NULL</core>
<MemPortIdVec></MemPortIdVec>
<condition id="-1">
<or_exp><and_exp></and_exp></or_exp>
</condition>

<Node id="22" bw="4" op_0_bw="4" op_1_bw="3" op_2_bw="1">
<![CDATA[
entry:18 %shl_ln186_1 = bitconcatenate i4 @_ssdm_op_BitConcatenate.i4.i3.i1, i3 %tmp_1, i1 0

]]></Node>
<StgValue><ssdm name="shl_ln186_1"/></StgValue>
</operation>

<operation id="21" st_id="1" stage="1" lat="1">
<core>TAddSub</core>
<MemPortIdVec></MemPortIdVec>
<condition id="-1">
<or_exp><and_exp></and_exp></or_exp>
</condition>

<Node id="23" bw="4" op_0_bw="4" op_1_bw="4">
<![CDATA[
entry:19 %sub_ln186 = sub i4 %shl_ln, i4 %shl_ln186_1

]]></Node>
<StgValue><ssdm name="sub_ln186"/></StgValue>
</operation>

<operation id="22" st_id="1" stage="1" lat="1">
<core>TAddSub</core>
<MemPortIdVec></MemPortIdVec>
<condition id="-1">
<or_exp><and_exp></and_exp></or_exp>
</condition>

<Node id="24" bw="4" op_0_bw="4" op_1_bw="4">
<![CDATA[
entry:20 %add_ln186 = add i4 %sub_ln186, i4 %trunc_ln186

]]></Node>
<StgValue><ssdm name="add_ln186"/></StgValue>
</operation>

<operation id="23" st_id="1" stage="1" lat="1">
<core>NULL</core>
<MemPortIdVec></MemPortIdVec>
<condition id="-1">
<or_exp><and_exp></and_exp></or_exp>
</condition>

<Node id="25" bw="0" op_0_bw="0" op_1_bw="4" op_2_bw="4">
<![CDATA[
entry:21 %write_ln31 = write void @_ssdm_op_Write.ap_none.i4P0A, i4 %bcd_output_digit_2, i4 %add_ln186

]]></Node>
<StgValue><ssdm name="write_ln31"/></StgValue>
</operation>

<operation id="24" st_id="1" stage="1" lat="1">
<core>NULL</core>
<MemPortIdVec></MemPortIdVec>
<condition id="-1">
<or_exp><and_exp></and_exp></or_exp>
</condition>

<Node id="26" bw="0">
<![CDATA[
entry:22 %ret_ln32 = ret

]]></Node>
<StgValue><ssdm name="ret_ln32"/></StgValue>
</operation>
</state>
</state_list>


<ports>
<port id="26" name="switch_input" dir="0" iftype="0">
<core>NULL</core><StgValue><ssdm name="switch_input"/></StgValue>
</port>
<port id="27" name="bcd_output_digit_1" dir="1" iftype="0">
<core>NULL</core><StgValue><ssdm name="bcd_output_digit_1"/></StgValue>
</port>
<port id="28" name="bcd_output_digit_2" dir="1" iftype="0">
<core>NULL</core><StgValue><ssdm name="bcd_output_digit_2"/></StgValue>
</port>
</ports>


<dataflows>
<dataflow id="30" from="_ssdm_op_SpecPipeline" to="specpipeline_ln7" fromId="29" toId="2">
</dataflow>
<dataflow id="32" from="StgValue_31" to="specpipeline_ln7" fromId="31" toId="2">
</dataflow>
<dataflow id="34" from="StgValue_33" to="specpipeline_ln7" fromId="33" toId="2">
</dataflow>
<dataflow id="35" from="StgValue_33" to="specpipeline_ln7" fromId="33" toId="2">
</dataflow>
<dataflow id="36" from="StgValue_33" to="specpipeline_ln7" fromId="33" toId="2">
</dataflow>
<dataflow id="38" from="empty_0" to="specpipeline_ln7" fromId="37" toId="2">
</dataflow>
<dataflow id="40" from="_ssdm_op_SpecTopModule" to="spectopmodule_ln4" fromId="39" toId="3">
</dataflow>
<dataflow id="42" from="empty_1" to="spectopmodule_ln4" fromId="41" toId="3">
</dataflow>
<dataflow id="44" from="_ssdm_op_SpecInterface" to="specinterface_ln4" fromId="43" toId="4">
</dataflow>
<dataflow id="45" from="StgValue_33" to="specinterface_ln4" fromId="33" toId="4">
</dataflow>
<dataflow id="47" from="empty_2" to="specinterface_ln4" fromId="46" toId="4">
</dataflow>
<dataflow id="48" from="StgValue_33" to="specinterface_ln4" fromId="33" toId="4">
</dataflow>
<dataflow id="49" from="StgValue_33" to="specinterface_ln4" fromId="33" toId="4">
</dataflow>
<dataflow id="50" from="empty_0" to="specinterface_ln4" fromId="37" toId="4">
</dataflow>
<dataflow id="51" from="StgValue_33" to="specinterface_ln4" fromId="33" toId="4">
</dataflow>
<dataflow id="52" from="StgValue_33" to="specinterface_ln4" fromId="33" toId="4">
</dataflow>
<dataflow id="53" from="empty_0" to="specinterface_ln4" fromId="37" toId="4">
</dataflow>
<dataflow id="54" from="empty_0" to="specinterface_ln4" fromId="37" toId="4">
</dataflow>
<dataflow id="55" from="empty_0" to="specinterface_ln4" fromId="37" toId="4">
</dataflow>
<dataflow id="56" from="StgValue_33" to="specinterface_ln4" fromId="33" toId="4">
</dataflow>
<dataflow id="57" from="StgValue_33" to="specinterface_ln4" fromId="33" toId="4">
</dataflow>
<dataflow id="58" from="StgValue_33" to="specinterface_ln4" fromId="33" toId="4">
</dataflow>
<dataflow id="59" from="StgValue_33" to="specinterface_ln4" fromId="33" toId="4">
</dataflow>
<dataflow id="60" from="empty_0" to="specinterface_ln4" fromId="37" toId="4">
</dataflow>
<dataflow id="61" from="empty_0" to="specinterface_ln4" fromId="37" toId="4">
</dataflow>
<dataflow id="62" from="StgValue_31" to="specinterface_ln4" fromId="31" toId="4">
</dataflow>
<dataflow id="63" from="StgValue_33" to="specinterface_ln4" fromId="33" toId="4">
</dataflow>
<dataflow id="65" from="_ssdm_op_SpecBitsMap" to="specbitsmap_ln0" fromId="64" toId="5">
</dataflow>
<dataflow id="66" from="switch_input" to="specbitsmap_ln0" fromId="26" toId="5">
</dataflow>
<dataflow id="67" from="_ssdm_op_SpecInterface" to="specinterface_ln0" fromId="43" toId="6">
</dataflow>
<dataflow id="68" from="switch_input" to="specinterface_ln0" fromId="26" toId="6">
</dataflow>
<dataflow id="70" from="empty" to="specinterface_ln0" fromId="69" toId="6">
</dataflow>
<dataflow id="71" from="StgValue_33" to="specinterface_ln0" fromId="33" toId="6">
</dataflow>
<dataflow id="72" from="StgValue_33" to="specinterface_ln0" fromId="33" toId="6">
</dataflow>
<dataflow id="73" from="empty_0" to="specinterface_ln0" fromId="37" toId="6">
</dataflow>
<dataflow id="74" from="StgValue_33" to="specinterface_ln0" fromId="33" toId="6">
</dataflow>
<dataflow id="75" from="StgValue_33" to="specinterface_ln0" fromId="33" toId="6">
</dataflow>
<dataflow id="76" from="empty_0" to="specinterface_ln0" fromId="37" toId="6">
</dataflow>
<dataflow id="77" from="empty_0" to="specinterface_ln0" fromId="37" toId="6">
</dataflow>
<dataflow id="78" from="empty_0" to="specinterface_ln0" fromId="37" toId="6">
</dataflow>
<dataflow id="79" from="StgValue_33" to="specinterface_ln0" fromId="33" toId="6">
</dataflow>
<dataflow id="80" from="StgValue_33" to="specinterface_ln0" fromId="33" toId="6">
</dataflow>
<dataflow id="81" from="StgValue_33" to="specinterface_ln0" fromId="33" toId="6">
</dataflow>
<dataflow id="82" from="StgValue_33" to="specinterface_ln0" fromId="33" toId="6">
</dataflow>
<dataflow id="83" from="empty_0" to="specinterface_ln0" fromId="37" toId="6">
</dataflow>
<dataflow id="84" from="empty_0" to="specinterface_ln0" fromId="37" toId="6">
</dataflow>
<dataflow id="85" from="StgValue_31" to="specinterface_ln0" fromId="31" toId="6">
</dataflow>
<dataflow id="86" from="StgValue_33" to="specinterface_ln0" fromId="33" toId="6">
</dataflow>
<dataflow id="87" from="_ssdm_op_SpecBitsMap" to="specbitsmap_ln0" fromId="64" toId="7">
</dataflow>
<dataflow id="88" from="bcd_output_digit_1" to="specbitsmap_ln0" fromId="27" toId="7">
</dataflow>
<dataflow id="89" from="_ssdm_op_SpecInterface" to="specinterface_ln0" fromId="43" toId="8">
</dataflow>
<dataflow id="90" from="bcd_output_digit_1" to="specinterface_ln0" fromId="27" toId="8">
</dataflow>
<dataflow id="91" from="empty" to="specinterface_ln0" fromId="69" toId="8">
</dataflow>
<dataflow id="92" from="StgValue_33" to="specinterface_ln0" fromId="33" toId="8">
</dataflow>
<dataflow id="93" from="StgValue_33" to="specinterface_ln0" fromId="33" toId="8">
</dataflow>
<dataflow id="94" from="empty_0" to="specinterface_ln0" fromId="37" toId="8">
</dataflow>
<dataflow id="95" from="StgValue_33" to="specinterface_ln0" fromId="33" toId="8">
</dataflow>
<dataflow id="96" from="StgValue_33" to="specinterface_ln0" fromId="33" toId="8">
</dataflow>
<dataflow id="97" from="empty_0" to="specinterface_ln0" fromId="37" toId="8">
</dataflow>
<dataflow id="98" from="empty_0" to="specinterface_ln0" fromId="37" toId="8">
</dataflow>
<dataflow id="99" from="empty_0" to="specinterface_ln0" fromId="37" toId="8">
</dataflow>
<dataflow id="100" from="StgValue_33" to="specinterface_ln0" fromId="33" toId="8">
</dataflow>
<dataflow id="101" from="StgValue_33" to="specinterface_ln0" fromId="33" toId="8">
</dataflow>
<dataflow id="102" from="StgValue_33" to="specinterface_ln0" fromId="33" toId="8">
</dataflow>
<dataflow id="103" from="StgValue_33" to="specinterface_ln0" fromId="33" toId="8">
</dataflow>
<dataflow id="104" from="empty_0" to="specinterface_ln0" fromId="37" toId="8">
</dataflow>
<dataflow id="105" from="empty_0" to="specinterface_ln0" fromId="37" toId="8">
</dataflow>
<dataflow id="106" from="StgValue_31" to="specinterface_ln0" fromId="31" toId="8">
</dataflow>
<dataflow id="107" from="StgValue_33" to="specinterface_ln0" fromId="33" toId="8">
</dataflow>
<dataflow id="108" from="_ssdm_op_SpecBitsMap" to="specbitsmap_ln0" fromId="64" toId="9">
</dataflow>
<dataflow id="109" from="bcd_output_digit_2" to="specbitsmap_ln0" fromId="28" toId="9">
</dataflow>
<dataflow id="110" from="_ssdm_op_SpecInterface" to="specinterface_ln0" fromId="43" toId="10">
</dataflow>
<dataflow id="111" from="bcd_output_digit_2" to="specinterface_ln0" fromId="28" toId="10">
</dataflow>
<dataflow id="112" from="empty" to="specinterface_ln0" fromId="69" toId="10">
</dataflow>
<dataflow id="113" from="StgValue_33" to="specinterface_ln0" fromId="33" toId="10">
</dataflow>
<dataflow id="114" from="StgValue_33" to="specinterface_ln0" fromId="33" toId="10">
</dataflow>
<dataflow id="115" from="empty_0" to="specinterface_ln0" fromId="37" toId="10">
</dataflow>
<dataflow id="116" from="StgValue_33" to="specinterface_ln0" fromId="33" toId="10">
</dataflow>
<dataflow id="117" from="StgValue_33" to="specinterface_ln0" fromId="33" toId="10">
</dataflow>
<dataflow id="118" from="empty_0" to="specinterface_ln0" fromId="37" toId="10">
</dataflow>
<dataflow id="119" from="empty_0" to="specinterface_ln0" fromId="37" toId="10">
</dataflow>
<dataflow id="120" from="empty_0" to="specinterface_ln0" fromId="37" toId="10">
</dataflow>
<dataflow id="121" from="StgValue_33" to="specinterface_ln0" fromId="33" toId="10">
</dataflow>
<dataflow id="122" from="StgValue_33" to="specinterface_ln0" fromId="33" toId="10">
</dataflow>
<dataflow id="123" from="StgValue_33" to="specinterface_ln0" fromId="33" toId="10">
</dataflow>
<dataflow id="124" from="StgValue_33" to="specinterface_ln0" fromId="33" toId="10">
</dataflow>
<dataflow id="125" from="empty_0" to="specinterface_ln0" fromId="37" toId="10">
</dataflow>
<dataflow id="126" from="empty_0" to="specinterface_ln0" fromId="37" toId="10">
</dataflow>
<dataflow id="127" from="StgValue_31" to="specinterface_ln0" fromId="31" toId="10">
</dataflow>
<dataflow id="128" from="StgValue_33" to="specinterface_ln0" fromId="33" toId="10">
</dataflow>
<dataflow id="130" from="_ssdm_op_Read.ap_none.i8" to="switch_input_read" fromId="129" toId="11">
</dataflow>
<dataflow id="131" from="switch_input" to="switch_input_read" fromId="26" toId="11">
</dataflow>
<dataflow id="132" from="switch_input_read" to="zext_ln1513" fromId="11" toId="12">
</dataflow>
<dataflow id="133" from="zext_ln1513" to="mul_ln1513" fromId="12" toId="13">
</dataflow>
<dataflow id="135" from="StgValue_134" to="mul_ln1513" fromId="134" toId="13">
</dataflow>
<dataflow id="137" from="_ssdm_op_PartSelect.i4.i17.i32.i32" to="tens_V" fromId="136" toId="14">
</dataflow>
<dataflow id="138" from="mul_ln1513" to="tens_V" fromId="13" toId="14">
</dataflow>
<dataflow id="140" from="StgValue_139" to="tens_V" fromId="139" toId="14">
</dataflow>
<dataflow id="142" from="StgValue_141" to="tens_V" fromId="141" toId="14">
</dataflow>
<dataflow id="144" from="_ssdm_op_Write.ap_none.i4P0A" to="write_ln30" fromId="143" toId="15">
</dataflow>
<dataflow id="145" from="bcd_output_digit_1" to="write_ln30" fromId="27" toId="15">
</dataflow>
<dataflow id="146" from="tens_V" to="write_ln30" fromId="14" toId="15">
</dataflow>
<dataflow id="147" from="switch_input_read" to="trunc_ln186" fromId="11" toId="16">
</dataflow>
<dataflow id="149" from="_ssdm_op_BitSelect.i1.i17.i32" to="tmp" fromId="148" toId="17">
</dataflow>
<dataflow id="150" from="mul_ln1513" to="tmp" fromId="13" toId="17">
</dataflow>
<dataflow id="151" from="StgValue_139" to="tmp" fromId="139" toId="17">
</dataflow>
<dataflow id="153" from="_ssdm_op_BitConcatenate.i4.i1.i3" to="shl_ln" fromId="152" toId="18">
</dataflow>
<dataflow id="154" from="tmp" to="shl_ln" fromId="17" toId="18">
</dataflow>
<dataflow id="156" from="StgValue_155" to="shl_ln" fromId="155" toId="18">
</dataflow>
<dataflow id="158" from="_ssdm_op_PartSelect.i3.i17.i32.i32" to="tmp_1" fromId="157" toId="19">
</dataflow>
<dataflow id="159" from="mul_ln1513" to="tmp_1" fromId="13" toId="19">
</dataflow>
<dataflow id="160" from="StgValue_139" to="tmp_1" fromId="139" toId="19">
</dataflow>
<dataflow id="162" from="StgValue_161" to="tmp_1" fromId="161" toId="19">
</dataflow>
<dataflow id="164" from="_ssdm_op_BitConcatenate.i4.i3.i1" to="shl_ln186_1" fromId="163" toId="20">
</dataflow>
<dataflow id="165" from="tmp_1" to="shl_ln186_1" fromId="19" toId="20">
</dataflow>
<dataflow id="167" from="StgValue_166" to="shl_ln186_1" fromId="166" toId="20">
</dataflow>
<dataflow id="168" from="shl_ln" to="sub_ln186" fromId="18" toId="21">
</dataflow>
<dataflow id="169" from="shl_ln186_1" to="sub_ln186" fromId="20" toId="21">
</dataflow>
<dataflow id="170" from="sub_ln186" to="add_ln186" fromId="21" toId="22">
</dataflow>
<dataflow id="171" from="trunc_ln186" to="add_ln186" fromId="16" toId="22">
</dataflow>
<dataflow id="172" from="_ssdm_op_Write.ap_none.i4P0A" to="write_ln31" fromId="143" toId="23">
</dataflow>
<dataflow id="173" from="bcd_output_digit_2" to="write_ln31" fromId="28" toId="23">
</dataflow>
<dataflow id="174" from="add_ln186" to="write_ln31" fromId="22" toId="23">
</dataflow>
</dataflows>


</stg>
