<pragmas>
<pragma file="D:/Aplicatii/Vitis/Vitis_HLS/2022.2/common/technology/autopilot\ap_int_base.h" line="1633" pragmaType="inline" parentfunction="ap_int_base<8, false>::RType<($_0)32, true>::div operator/<8, false>(ap_int_base<8, false> const&, int)" off="0" region="0" recursive="0"/>
<pragma file="" line="0" pragmaType="inline" parentfunction="ap_uint<4>::ap_uint<9>(ap_int<9> const&)" off="0" region="0" recursive="0"/>
<pragma file="D:/Aplicatii/Vitis/Vitis_HLS/2022.2/common/technology/autopilot\ap_int_base.h" line="1496" pragmaType="inline" parentfunction="ap_int_base<8, false>::RType<36, true>::minus operator-<8, false, 36, true>(ap_int_base<8, false> const&, ap_int_base<36, true> const&)" off="0" region="0" recursive="0"/>
<pragma file="" line="0" pragmaType="inline" parentfunction="ap_uint<4>::ap_uint<37>(ap_int<37> const&)" off="0" region="0" recursive="0"/>
<pragma file="D:/Aplicatii/Vitis/Vitis_HLS/2022.2/common/technology/autopilot\ap_common.h" line="523" pragmaType="inline" parentfunction="_ZN8ssdm_intILi4ELb0EEC2EDq4_j" off="0" region="0" recursive="0"/>
<pragma file="D:/Aplicatii/Vitis/Vitis_HLS/2022.2/common/technology/autopilot\ap_int_base.h" line="185" pragmaType="inline" parentfunction="ap_int_base<37, true>::ap_int_base<8, false>(ap_int_base<8, false> const&)" off="0" region="0" recursive="0"/>
<pragma file="D:/Aplicatii/Vitis/Vitis_HLS/2022.2/common/technology/autopilot\ap_int_base.h" line="1633" pragmaType="inline" parentfunction="ap_int_base<4, false>::RType<($_0)32, true>::mult operator*<4, false>(ap_int_base<4, false> const&, int)" off="0" region="0" recursive="0"/>
<pragma file="BinToDec/BinToBcd.cpp" line="7" pragmaType="pipeline" parentfunction="BinToBcd" off="0" ii="-1" style=""/>
<pragma file="BinToDec/BinToBcd.cpp" line="10" pragmaType="interface" parentfunction="BinToBcd" mode="ap_ctrl_none" port="return" name=""/>
<pragma file="BinToDec/BinToBcd.cpp" line="11" pragmaType="interface" parentfunction="BinToBcd" mode="ap_none" port="switch_input" name="" register="0"/>
<pragma file="BinToDec/BinToBcd.cpp" line="12" pragmaType="interface" parentfunction="BinToBcd" mode="ap_none" port="bcd_output_digit_1" name="" register="0"/>
<pragma file="BinToDec/BinToBcd.cpp" line="13" pragmaType="interface" parentfunction="BinToBcd" mode="ap_none" port="bcd_output_digit_2" name="" register="0"/>
<pragma file="D:/Aplicatii/Vitis/Vitis_HLS/2022.2/common/technology/autopilot\ap_int_base.h" line="185" pragmaType="inline" parentfunction="ap_int_base<4, false>::ap_int_base<37, true>(ap_int_base<37, true> const&)" off="0" region="0" recursive="0"/>
<pragma file="D:/Aplicatii/Vitis/Vitis_HLS/2022.2/common/technology/autopilot\ap_int_base.h" line="185" pragmaType="inline" parentfunction="ap_int_base<36, true>::ap_int_base<32, true>(ap_int_base<32, true> const&)" off="0" region="0" recursive="0"/>
<pragma file="D:/Aplicatii/Vitis/Vitis_HLS/2022.2/common/technology/autopilot\ap_int_base.h" line="214" pragmaType="inline" parentfunction="ap_int_base<36, true>::ap_int_base(int)" off="0" region="0" recursive="0"/>
<pragma file="D:/Aplicatii/Vitis/Vitis_HLS/2022.2/common/technology/autopilot\ap_int_base.h" line="185" pragmaType="inline" parentfunction="ap_int_base<37, true>::ap_int_base<36, true>(ap_int_base<36, true> const&)" off="0" region="0" recursive="0"/>
<pragma file="" line="0" pragmaType="inline" parentfunction="ap_int<9>::ap_int<9, true>(ap_int_base<9, true> const&)" off="0" region="0" recursive="0"/>
<pragma file="D:/Aplicatii/Vitis/Vitis_HLS/2022.2/common/technology/autopilot\ap_int_base.h" line="185" pragmaType="inline" parentfunction="ap_int_base<4, false>::ap_int_base<9, true>(ap_int_base<9, true> const&)" off="0" region="0" recursive="0"/>
<pragma file="D:/Aplicatii/Vitis/Vitis_HLS/2022.2/common/technology/autopilot\ap_common.h" line="515" pragmaType="inline" parentfunction="_ZN8ssdm_intILi9ELb1EEC2EDq9_i" off="0" region="0" recursive="0"/>
<pragma file="D:/Aplicatii/Vitis/Vitis_HLS/2022.2/common/technology/autopilot\ap_int_base.h" line="1494" pragmaType="inline" parentfunction="ap_int_base<4, false>::RType<32, true>::mult operator*<4, false, 32, true>(ap_int_base<4, false> const&, ap_int_base<32, true> const&)" off="0" region="0" recursive="0"/>
<pragma file="" line="0" pragmaType="inline" parentfunction="ap_int<37>::ap_int<37, true>(ap_int_base<37, true> const&)" off="0" region="0" recursive="0"/>
<pragma file="D:/Aplicatii/Vitis/Vitis_HLS/2022.2/common/technology/autopilot\ap_int_base.h" line="214" pragmaType="inline" parentfunction="ap_int_base<9, true>::ap_int_base(int)" off="0" region="0" recursive="0"/>
<pragma file="" line="0" pragmaType="inline" parentfunction="ap_int<36>::ap_int<36, true>(ap_int_base<36, true> const&)" off="0" region="0" recursive="0"/>
<pragma file="D:/Aplicatii/Vitis/Vitis_HLS/2022.2/common/technology/autopilot\ap_common.h" line="515" pragmaType="inline" parentfunction="_ZN8ssdm_intILi36ELb1EEC2EDq36_i" off="0" region="0" recursive="0"/>
<pragma file="D:/Aplicatii/Vitis/Vitis_HLS/2022.2/common/technology/autopilot\ap_common.h" line="515" pragmaType="inline" parentfunction="_ZN8ssdm_intILi37ELb1EEC2EDq37_i" off="0" region="0" recursive="0"/>
<pragma file="D:/Aplicatii/Vitis/Vitis_HLS/2022.2/common/technology/autopilot\ap_int_base.h" line="214" pragmaType="inline" parentfunction="ap_int_base<32, true>::ap_int_base(int)" off="0" region="0" recursive="0"/>
<pragma file="D:/Aplicatii/Vitis/Vitis_HLS/2022.2/common/technology/autopilot\ap_common.h" line="515" pragmaType="inline" parentfunction="ssdm_int<32, true>::ssdm_int(int)" off="0" region="0" recursive="0"/>
<pragma file="D:/Aplicatii/Vitis/Vitis_HLS/2022.2/common/technology/autopilot\ap_int_base.h" line="1513" pragmaType="inline" parentfunction="ap_int_base<8, false>::RType<32, true>::div operator/<8, false, 32, true>(ap_int_base<8, false> const&, ap_int_base<32, true> const&)" off="0" region="0" recursive="0"/>
<pragma file="D:/Aplicatii/Vitis/Vitis_HLS/2022.2/common/technology/autopilot\ap_int_base.h" line="214" pragmaType="inline" parentfunction="ap_int_base<37, true>::ap_int_base(int)" off="0" region="0" recursive="0"/>
<pragma file="D:/Aplicatii/Vitis/Vitis_HLS/2022.2/common/technology/autopilot\ap_int_base.h" line="185" pragmaType="inline" parentfunction="ap_int_base<36, true>::ap_int_base<4, false>(ap_int_base<4, false> const&)" off="0" region="0" recursive="0"/>
<pragma file="D:/Aplicatii/Vitis/Vitis_HLS/2022.2/common/technology/autopilot\ap_int_base.h" line="0" pragmaType="inline" parentfunction="checkOverflowCsim" off="0" region="0" recursive="0"/>
<pragma file="D:/Aplicatii/Vitis/Vitis_HLS/2022.2/common/technology/autopilot\ap_int_base.h" line="0" pragmaType="inline" parentfunction="checkOverflowCsim" off="0" region="0" recursive="0"/>
</pragmas>
