<root versionMajor = "1" versionMinor = "5">
  <kernel src_name="BinToBcd" language="c" hwCtrl="ap_ctrl_none" mem_layout="fpga64-xilinx-none">
    <args>
      <arg id="0" access_type="r" src_name="switch_input" src_type="ap_uint&lt;8&gt;" src_isptr="1" src_bitwidth="8" src_size_or_depth="1">
        <hw hw_usage="data" hw_interface="Register" hw_name="switch_input" hw_bitwidth="8" hw_size_or_depth="1" hw_kernel_support="false">
          <constraint constraint_type="pragma interface" mode="ap_none" register_option="0"/>
        </hw>
      </arg>
      <arg id="1" access_type="w" src_name="bcd_output_digit_1" src_type="ap_uint&lt;4&gt;&amp;" src_isptr="1" src_bitwidth="8" src_size_or_depth="1">
        <hw hw_usage="data" hw_interface="Register" hw_name="bcd_output_digit_1" hw_bitwidth="4" hw_size_or_depth="1" hw_kernel_support="false">
          <constraint constraint_type="pragma interface" mode="ap_none" register_option="0"/>
        </hw>
      </arg>
      <arg id="2" access_type="w" src_name="bcd_output_digit_2" src_type="ap_uint&lt;4&gt;&amp;" src_isptr="1" src_bitwidth="8" src_size_or_depth="1">
        <hw hw_usage="data" hw_interface="Register" hw_name="bcd_output_digit_2" hw_bitwidth="4" hw_size_or_depth="1" hw_kernel_support="false">
          <constraint constraint_type="pragma interface" mode="ap_none" register_option="0"/>
        </hw>
      </arg>
    </args>
    <return src_type="void" src_bitwidth="0" offset="0x0">
      <hw hw_usage="data" hw_interface="" hw_name="" hw_bitwidth="0" hw_kernel_support="true"/>
    </return>
  </kernel>
</root>
