{"sourceFile": [{
      "name": "",
      "directive": [{
          "functionName": "seg_7",
          "label": "",
          "functionLabel": "",
          "id": "1",
          "sourceFile": "C:\/Users\/Decebal\/Downloads\/CN2_ca\/segmente_7\/seg_7\/solution1\/csynth.tcl",
          "sourceLine": "16",
          "pragma": {
            "name": "TOP",
            "option": [{
                "name": "name",
                "value": "seg_7"
              }]
          }
        }]
    }]}
