<xilinx:hls_fe_msgs>
    <msg msg_groups="PRAGMA_VERBOSE_DUMP" msg_id="207-5471" msg_severity="WARNING" msg_loc="C:/Xilinx/Vitis_HLS/2022.1/common/technology/autopilot\ap_int_ref.h:724:9" msg_body="HLS pragma dump">
        <args ARG_PragmaFunction="and_reduce" ARG_PragmaIsValid="1" ARG_PragmaType="unroll" ClangWarningOption="dump-hls-pragmas"/>
    </msg>
    <msg msg_groups="PRAGMA_VERBOSE_DUMP" msg_id="207-5471" msg_severity="WARNING" msg_loc="C:/Xilinx/Vitis_HLS/2022.1/common/technology/autopilot\ap_int_ref.h:738:9" msg_body="HLS pragma dump">
        <args ARG_PragmaFunction="or_reduce" ARG_PragmaIsValid="1" ARG_PragmaType="unroll" ClangWarningOption="dump-hls-pragmas"/>
    </msg>
    <msg msg_groups="PRAGMA_VERBOSE_DUMP" msg_id="207-5471" msg_severity="WARNING" msg_loc="C:/Xilinx/Vitis_HLS/2022.1/common/technology/autopilot\ap_int_ref.h:752:9" msg_body="HLS pragma dump">
        <args ARG_PragmaFunction="xor_reduce" ARG_PragmaIsValid="1" ARG_PragmaType="unroll" ClangWarningOption="dump-hls-pragmas"/>
    </msg>
    <msg msg_groups="PRAGMA_VERBOSE_DUMP" msg_id="207-5471" msg_severity="WARNING" msg_loc="C:/Users/Decebal/Downloads/CN2_ca/segmente_7/seg_7/solution1/csynth.tcl:16:9" msg_body="HLS pragma dump">
        <args ARG_PragmaContext="directive" ARG_PragmaFunction="seg_7" ARG_PragmaIsValid="1" ARG_PragmaOptions="name=seg_7" ARG_PragmaType="top" ClangWarningOption="dump-hls-pragmas"/>
    </msg>
    <msg msg_groups="PRAGMA_VERBOSE_DUMP" msg_id="207-5471" msg_severity="WARNING" msg_loc="seg_7/seg_7.cpp:8:9" msg_body="HLS pragma dump">
        <args ARG_PragmaFunction="seg_7" ARG_PragmaIsValid="1" ARG_PragmaOptions="ap_none port=out_signal" ARG_PragmaType="interface" ClangWarningOption="dump-hls-pragmas"/>
    </msg>
    <msg msg_groups="PRAGMA_VERBOSE_DUMP" msg_id="207-5471" msg_severity="WARNING" msg_loc="seg_7/seg_7.cpp:9:9" msg_body="HLS pragma dump">
        <args ARG_PragmaFunction="seg_7" ARG_PragmaIsValid="1" ARG_PragmaOptions="ap_ctrl_none port=return" ARG_PragmaType="interface" ClangWarningOption="dump-hls-pragmas"/>
    </msg>
</xilinx:hls_fe_msgs>

