<stg><name>seg_7</name>


<trans_list>
</trans_list>



<state_list>

<state id="1" st_id="1">

<operation id="2" st_id="1" stage="1" lat="1">
<core>NULL</core>
<MemPortIdVec></MemPortIdVec>
<condition id="-1">
<or_exp><and_exp></and_exp></or_exp>
</condition>

<Node id="3" bw="0" op_0_bw="0" op_1_bw="0">
<![CDATA[
entry:0 %spectopmodule_ln7 = spectopmodule void @_ssdm_op_SpecTopModule, void @empty_1

]]></Node>
<StgValue><ssdm name="spectopmodule_ln7"/></StgValue>
</operation>

<operation id="3" st_id="1" stage="1" lat="1">
<core>NULL</core>
<MemPortIdVec></MemPortIdVec>
<condition id="-1">
<or_exp><and_exp></and_exp></or_exp>
</condition>

<Node id="4" bw="0" op_0_bw="0" op_1_bw="32" op_2_bw="0" op_3_bw="32" op_4_bw="32" op_5_bw="0" op_6_bw="32" op_7_bw="32" op_8_bw="0" op_9_bw="0" op_10_bw="0" op_11_bw="32" op_12_bw="32" op_13_bw="32" op_14_bw="32" op_15_bw="0" op_16_bw="0" op_17_bw="32" op_18_bw="32">
<![CDATA[
entry:1 %specinterface_ln7 = specinterface void @_ssdm_op_SpecInterface, i32 0, void @empty_2, i32 0, i32 0, void @empty_0, i32 0, i32 0, void @empty_0, void @empty_0, void @empty_0, i32 0, i32 0, i32 0, i32 0, void @empty_0, void @empty_0, i32 4294967295, i32 0

]]></Node>
<StgValue><ssdm name="specinterface_ln7"/></StgValue>
</operation>

<operation id="4" st_id="1" stage="1" lat="1">
<core>NULL</core>
<MemPortIdVec></MemPortIdVec>
<condition id="-1">
<or_exp><and_exp></and_exp></or_exp>
</condition>

<Node id="5" bw="0" op_0_bw="0" op_1_bw="1">
<![CDATA[
entry:2 %specbitsmap_ln0 = specbitsmap void @_ssdm_op_SpecBitsMap, i1 %out_signal

]]></Node>
<StgValue><ssdm name="specbitsmap_ln0"/></StgValue>
</operation>

<operation id="5" st_id="1" stage="1" lat="1">
<core>NULL</core>
<MemPortIdVec></MemPortIdVec>
<condition id="-1">
<or_exp><and_exp></and_exp></or_exp>
</condition>

<Node id="6" bw="0" op_0_bw="0" op_1_bw="1" op_2_bw="0" op_3_bw="32" op_4_bw="32" op_5_bw="0" op_6_bw="32" op_7_bw="32" op_8_bw="0" op_9_bw="0" op_10_bw="0" op_11_bw="32" op_12_bw="32" op_13_bw="32" op_14_bw="32" op_15_bw="0" op_16_bw="0" op_17_bw="32" op_18_bw="32">
<![CDATA[
entry:3 %specinterface_ln0 = specinterface void @_ssdm_op_SpecInterface, i1 %out_signal, void @empty, i32 0, i32 0, void @empty_0, i32 0, i32 0, void @empty_0, void @empty_0, void @empty_0, i32 0, i32 0, i32 0, i32 0, void @empty_0, void @empty_0, i32 4294967295, i32 0

]]></Node>
<StgValue><ssdm name="specinterface_ln0"/></StgValue>
</operation>

<operation id="6" st_id="1" stage="1" lat="1">
<core>NULL</core>
<MemPortIdVec></MemPortIdVec>
<condition id="-1">
<or_exp><and_exp></and_exp></or_exp>
</condition>

<Node id="7" bw="32" op_0_bw="32">
<![CDATA[
entry:4 %count_load = load i32 %count

]]></Node>
<StgValue><ssdm name="count_load"/></StgValue>
</operation>

<operation id="7" st_id="1" stage="1" lat="1">
<core>Cmp</core>
<MemPortIdVec></MemPortIdVec>
<condition id="-1">
<or_exp><and_exp></and_exp></or_exp>
</condition>

<Node id="8" bw="1" op_0_bw="32" op_1_bw="32">
<![CDATA[
entry:5 %next_out_signal = icmp_eq  i32 %count_load, i32 0

]]></Node>
<StgValue><ssdm name="next_out_signal"/></StgValue>
</operation>

<operation id="8" st_id="1" stage="1" lat="1">
<core>Adder</core>
<MemPortIdVec></MemPortIdVec>
<condition id="-1">
<or_exp><and_exp><literal name="next_out_signal" val="0"/>
</and_exp></or_exp>
</condition>

<Node id="9" bw="32" op_0_bw="32" op_1_bw="32">
<![CDATA[
entry:6 %next_count = add i32 %count_load, i32 4294967295

]]></Node>
<StgValue><ssdm name="next_count"/></StgValue>
</operation>

<operation id="9" st_id="1" stage="1" lat="1">
<core>Sel</core>
<MemPortIdVec></MemPortIdVec>
<condition id="-1">
<or_exp><and_exp></and_exp></or_exp>
</condition>

<Node id="10" bw="32" op_0_bw="1" op_1_bw="32" op_2_bw="32">
<![CDATA[
entry:7 %next_count_1 = select i1 %next_out_signal, i32 399999, i32 %next_count

]]></Node>
<StgValue><ssdm name="next_count_1"/></StgValue>
</operation>

<operation id="10" st_id="1" stage="1" lat="1">
<core>NULL</core>
<MemPortIdVec></MemPortIdVec>
<condition id="-1">
<or_exp><and_exp></and_exp></or_exp>
</condition>

<Node id="11" bw="0" op_0_bw="32" op_1_bw="32" op_2_bw="0">
<![CDATA[
entry:8 %store_ln26 = store i32 %next_count_1, i32 %count

]]></Node>
<StgValue><ssdm name="store_ln26"/></StgValue>
</operation>

<operation id="11" st_id="1" stage="1" lat="1">
<core>NULL</core>
<MemPortIdVec></MemPortIdVec>
<condition id="-1">
<or_exp><and_exp></and_exp></or_exp>
</condition>

<Node id="12" bw="0" op_0_bw="0" op_1_bw="1" op_2_bw="1">
<![CDATA[
entry:9 %write_ln27 = write void @_ssdm_op_Write.ap_none.i1P0A, i1 %out_signal, i1 %next_out_signal

]]></Node>
<StgValue><ssdm name="write_ln27"/></StgValue>
</operation>

<operation id="12" st_id="1" stage="1" lat="1">
<core>NULL</core>
<MemPortIdVec></MemPortIdVec>
<condition id="-1">
<or_exp><and_exp></and_exp></or_exp>
</condition>

<Node id="13" bw="0">
<![CDATA[
entry:10 %ret_ln28 = ret

]]></Node>
<StgValue><ssdm name="ret_ln28"/></StgValue>
</operation>
</state>
</state_list>


<ports>
<port id="13" name="out_signal" dir="1" iftype="0">
<core>NULL</core><StgValue><ssdm name="out_signal"/></StgValue>
</port>
<port id="14" name="count" dir="2" iftype="0">
<core>NULL</core><StgValue><ssdm name="count"/></StgValue>
</port>
</ports>


<dataflows>
<dataflow id="16" from="_ssdm_op_SpecTopModule" to="spectopmodule_ln7" fromId="15" toId="2">
</dataflow>
<dataflow id="18" from="empty_1" to="spectopmodule_ln7" fromId="17" toId="2">
</dataflow>
<dataflow id="20" from="_ssdm_op_SpecInterface" to="specinterface_ln7" fromId="19" toId="3">
</dataflow>
<dataflow id="22" from="StgValue_21" to="specinterface_ln7" fromId="21" toId="3">
</dataflow>
<dataflow id="24" from="empty_2" to="specinterface_ln7" fromId="23" toId="3">
</dataflow>
<dataflow id="25" from="StgValue_21" to="specinterface_ln7" fromId="21" toId="3">
</dataflow>
<dataflow id="26" from="StgValue_21" to="specinterface_ln7" fromId="21" toId="3">
</dataflow>
<dataflow id="28" from="empty_0" to="specinterface_ln7" fromId="27" toId="3">
</dataflow>
<dataflow id="29" from="StgValue_21" to="specinterface_ln7" fromId="21" toId="3">
</dataflow>
<dataflow id="30" from="StgValue_21" to="specinterface_ln7" fromId="21" toId="3">
</dataflow>
<dataflow id="31" from="empty_0" to="specinterface_ln7" fromId="27" toId="3">
</dataflow>
<dataflow id="32" from="empty_0" to="specinterface_ln7" fromId="27" toId="3">
</dataflow>
<dataflow id="33" from="empty_0" to="specinterface_ln7" fromId="27" toId="3">
</dataflow>
<dataflow id="34" from="StgValue_21" to="specinterface_ln7" fromId="21" toId="3">
</dataflow>
<dataflow id="35" from="StgValue_21" to="specinterface_ln7" fromId="21" toId="3">
</dataflow>
<dataflow id="36" from="StgValue_21" to="specinterface_ln7" fromId="21" toId="3">
</dataflow>
<dataflow id="37" from="StgValue_21" to="specinterface_ln7" fromId="21" toId="3">
</dataflow>
<dataflow id="38" from="empty_0" to="specinterface_ln7" fromId="27" toId="3">
</dataflow>
<dataflow id="39" from="empty_0" to="specinterface_ln7" fromId="27" toId="3">
</dataflow>
<dataflow id="41" from="StgValue_40" to="specinterface_ln7" fromId="40" toId="3">
</dataflow>
<dataflow id="42" from="StgValue_21" to="specinterface_ln7" fromId="21" toId="3">
</dataflow>
<dataflow id="44" from="_ssdm_op_SpecBitsMap" to="specbitsmap_ln0" fromId="43" toId="4">
</dataflow>
<dataflow id="45" from="out_signal" to="specbitsmap_ln0" fromId="13" toId="4">
</dataflow>
<dataflow id="46" from="_ssdm_op_SpecInterface" to="specinterface_ln0" fromId="19" toId="5">
</dataflow>
<dataflow id="47" from="out_signal" to="specinterface_ln0" fromId="13" toId="5">
</dataflow>
<dataflow id="49" from="empty" to="specinterface_ln0" fromId="48" toId="5">
</dataflow>
<dataflow id="50" from="StgValue_21" to="specinterface_ln0" fromId="21" toId="5">
</dataflow>
<dataflow id="51" from="StgValue_21" to="specinterface_ln0" fromId="21" toId="5">
</dataflow>
<dataflow id="52" from="empty_0" to="specinterface_ln0" fromId="27" toId="5">
</dataflow>
<dataflow id="53" from="StgValue_21" to="specinterface_ln0" fromId="21" toId="5">
</dataflow>
<dataflow id="54" from="StgValue_21" to="specinterface_ln0" fromId="21" toId="5">
</dataflow>
<dataflow id="55" from="empty_0" to="specinterface_ln0" fromId="27" toId="5">
</dataflow>
<dataflow id="56" from="empty_0" to="specinterface_ln0" fromId="27" toId="5">
</dataflow>
<dataflow id="57" from="empty_0" to="specinterface_ln0" fromId="27" toId="5">
</dataflow>
<dataflow id="58" from="StgValue_21" to="specinterface_ln0" fromId="21" toId="5">
</dataflow>
<dataflow id="59" from="StgValue_21" to="specinterface_ln0" fromId="21" toId="5">
</dataflow>
<dataflow id="60" from="StgValue_21" to="specinterface_ln0" fromId="21" toId="5">
</dataflow>
<dataflow id="61" from="StgValue_21" to="specinterface_ln0" fromId="21" toId="5">
</dataflow>
<dataflow id="62" from="empty_0" to="specinterface_ln0" fromId="27" toId="5">
</dataflow>
<dataflow id="63" from="empty_0" to="specinterface_ln0" fromId="27" toId="5">
</dataflow>
<dataflow id="64" from="StgValue_40" to="specinterface_ln0" fromId="40" toId="5">
</dataflow>
<dataflow id="65" from="StgValue_21" to="specinterface_ln0" fromId="21" toId="5">
</dataflow>
<dataflow id="66" from="count" to="count_load" fromId="14" toId="6">
</dataflow>
<dataflow id="67" from="count_load" to="next_out_signal" fromId="6" toId="7">
</dataflow>
<dataflow id="68" from="StgValue_21" to="next_out_signal" fromId="21" toId="7">
</dataflow>
<dataflow id="69" from="count_load" to="next_count" fromId="6" toId="8">
</dataflow>
<dataflow id="70" from="StgValue_40" to="next_count" fromId="40" toId="8">
</dataflow>
<dataflow id="71" from="next_out_signal" to="next_count_1" fromId="7" toId="9">
</dataflow>
<dataflow id="73" from="StgValue_72" to="next_count_1" fromId="72" toId="9">
</dataflow>
<dataflow id="74" from="next_count" to="next_count_1" fromId="8" toId="9">
</dataflow>
<dataflow id="75" from="next_count_1" to="store_ln26" fromId="9" toId="10">
</dataflow>
<dataflow id="76" from="count" to="store_ln26" fromId="14" toId="10">
</dataflow>
<dataflow id="78" from="_ssdm_op_Write.ap_none.i1P0A" to="write_ln27" fromId="77" toId="11">
</dataflow>
<dataflow id="79" from="out_signal" to="write_ln27" fromId="13" toId="11">
</dataflow>
<dataflow id="80" from="next_out_signal" to="write_ln27" fromId="7" toId="11">
</dataflow>
<dataflow id="81" from="next_out_signal" to="StgValue_1" fromId="7" toId="1">
</dataflow>
</dataflows>


</stg>
