<root versionMajor = "1" versionMinor = "5">
  <kernel src_name="seg_7" language="c" hwCtrl="ap_ctrl_none" mem_layout="fpga64-xilinx-none">
    <args>
      <arg id="0" access_type="w" src_name="out_signal" src_type="bool&amp;" src_isptr="1" src_bitwidth="1" src_size_or_depth="1">
        <hw hw_usage="data" hw_interface="Register" hw_name="out_signal" hw_bitwidth="1" hw_size_or_depth="1" hw_kernel_support="false">
          <constraint constraint_type="pragma interface" mode="ap_none" register_option="0"/>
        </hw>
      </arg>
    </args>
    <return src_type="void" src_bitwidth="0" offset="0x0">
      <hw hw_usage="data" hw_interface="" hw_name="" hw_bitwidth="0" hw_kernel_support="true"/>
    </return>
  </kernel>
</root>
